job_uuid,job_type,created,updated,retry,input,attrs,status,og_job_uuids,payload
provider_89a988fd44,provider,2025-06-18 09:52:34.415935,2025-06-18 09:52:34.415938,"{'attempts': 0, 'last_error': None, 'penalty': 0, 'next_retry': datetime.datetime(2025, 6, 18, 9, 52, 34, 415998)}","{'src_file_path': 'data/rawData/primary/DS04.hdf5', 'src_ds_rel_path': ['Betulaceae/Alnus/Alnus_firma/prep_06341'], 'dest_rel_path': 'set by provider.storer()', 'stored_locally': [1], 'image_data': None}","{'Level1': {'woodType': 'Hardwood'}, 'Level2': {'family': 'Betulaceae', 'genus': 'Alnus'}, 'Level3': {'genus': 'Alnus'}, 'Level4': {'species': 'AlnusFirma', 'engName': 'unknown', 'deName': 'unknown', 'frName': 'unknown', 'japName': 'Yashabushi'}, 'Level5': {'sourceID': 'AlnusFirma_DS04', 'sourceNo': 'DS04'}, 'Level6': {'specimenID': 'AlnusFirma_DS04_No001', 'microscopicTechnic': 'light microscopy', 'institution': 'Kyoto University; Xylarium', 'institutionCode': 'XDD', 'contributor': 'unknown', 'citeKey': 'sugyiama_2020', 'IFAW_code': 'unknown', 'samplingPoint': '群馬県多野郡上野村1984.6.30', 'origin': 'unknown'}, 'Level7': {'sampleID': 'AlnusFirma_DS04_No001_TS_x2.0', 'view': 'TS', 'lens': 2.0, 'totalNumberShots': 9}, 'dataSet_attrs': {'pixelSize_um_per_pixel': 2.96, 'DPI': 8581.08, 'area_x_mm': 2.7, 'area_y_mm': 2.7, 'numericalAperature_NA': 0.08, 'GPS_Alt': nan, 'GPS_Lat': None, 'GPS_Long': None, 'raw_UUID': 'r_1gy83x'}}",todo,"['DoE_002d2fe6e9', 'DoE_00b7b85d81', 'DoE_0a1a4f3e8a', 'DoE_10fe7b512b', 'DoE_130f17b10d', 'DoE_19614e62bc', 'DoE_1db9cf1267', 'DoE_4a3da4e6cb', 'DoE_5cb370f680', 'DoE_7802211904', 'DoE_7a08601d34', 'DoE_833e96412a', 'DoE_9f2e67de20', 'DoE_d6e8464712', 'DoE_ef63c233fd', 'DoE_ffb0f643b4']","{'job_uuid': 'provider_89a988fd44', 'job_type': 'provider', 'created': '2025-06-18T09:52:34.415935', 'updated': '2025-06-18T09:52:34.415938', 'retry': {'attempts': 0, 'last_error': None, 'penalty': 0, 'next_retry': '2025-06-18T09:52:34.415998'}, 'input': {'src_file_path': 'data/rawData/primary/DS04.hdf5', 'src_ds_rel_path': ['Betulaceae/Alnus/Alnus_firma/prep_06341'], 'dest_rel_path': 'set by provider.storer()', 'stored_locally': [1], 'image_data': None}, 'attrs': {'Level1': {'woodType': 'Hardwood'}, 'Level2': {'family': 'Betulaceae', 'genus': 'Alnus'}, 'Level3': {'genus': 'Alnus'}, 'Level4': {'species': 'AlnusFirma', 'engName': 'unknown', 'deName': 'unknown', 'frName': 'unknown', 'japName': 'Yashabushi'}, 'Level5': {'sourceID': 'AlnusFirma_DS04', 'sourceNo': 'DS04'}, 'Level6': {'specimenID': 'AlnusFirma_DS04_No001', 'microscopicTechnic': 'light microscopy', 'institution': 'Kyoto University; Xylarium', 'institutionCode': 'XDD', 'contributor': 'unknown', 'citeKey': 'sugyiama_2020', 'IFAW_code': 'unknown', 'samplingPoint': '群馬県多野郡上野村1984.6.30', 'origin': 'unknown'}, 'Level7': {'sampleID': 'AlnusFirma_DS04_No001_TS_x2.0', 'view': 'TS', 'lens': 2.0, 'totalNumberShots': 9}, 'dataSet_attrs': {'pixelSize_um_per_pixel': 2.96, 'DPI': 8581.08, 'area_x_mm': 2.7, 'area_y_mm': 2.7, 'numericalAperature_NA': 0.08, 'GPS_Alt': nan, 'GPS_Lat': None, 'GPS_Long': None, 'raw_UUID': 'r_1gy83x'}}, 'status': 'todo', 'og_job_uuids': ['DoE_002d2fe6e9', 'DoE_00b7b85d81', 'DoE_0a1a4f3e8a', 'DoE_10fe7b512b', 'DoE_130f17b10d', 'DoE_19614e62bc', 'DoE_1db9cf1267', 'DoE_4a3da4e6cb', 'DoE_5cb370f680', 'DoE_7802211904', 'DoE_7a08601d34', 'DoE_833e96412a', 'DoE_9f2e67de20', 'DoE_d6e8464712', 'DoE_ef63c233fd', 'DoE_ffb0f643b4']}"
provider_98ce4510ee,provider,2025-06-18 09:52:34.417671,2025-06-18 09:52:34.417673,"{'attempts': 0, 'last_error': None, 'penalty': 0, 'next_retry': datetime.datetime(2025, 6, 18, 9, 52, 34, 417689)}","{'src_file_path': 'data/rawData/primary/DS04.hdf5', 'src_ds_rel_path': ['Betulaceae/Alnus/Alnus_firma/prep_10208'], 'dest_rel_path': 'set by provider.storer()', 'stored_locally': [1], 'image_data': None}","{'Level1': {'woodType': 'Hardwood'}, 'Level2': {'family': 'Betulaceae', 'genus': 'Alnus'}, 'Level3': {'genus': 'Alnus'}, 'Level4': {'species': 'AlnusFirma', 'engName': 'unknown', 'deName': 'unknown', 'frName': 'unknown', 'japName': 'Yashabushi'}, 'Level5': {'sourceID': 'AlnusFirma_DS04', 'sourceNo': 'DS04'}, 'Level6': {'specimenID': 'AlnusFirma_DS04_No002', 'microscopicTechnic': 'light microscopy', 'institution': 'Kyoto University; Xylarium', 'institutionCode': 'XDD', 'contributor': 'unknown', 'citeKey': 'sugyiama_2020', 'IFAW_code': 'unknown', 'samplingPoint': 'Kami-hagihara, Koshu City, Yamanashi Pref.', 'origin': 'unknown'}, 'Level7': {'sampleID': 'AlnusFirma_DS04_No002_TS_x2.0', 'view': 'TS', 'lens': 2.0, 'totalNumberShots': 12}, 'dataSet_attrs': {'pixelSize_um_per_pixel': 2.96, 'DPI': 8581.08, 'area_x_mm': 2.7, 'area_y_mm': 2.7, 'numericalAperature_NA': 0.08, 'GPS_Alt': 882.0, 'GPS_Lat': None, 'GPS_Long': None, 'raw_UUID': 'r_EXkP2w'}}",todo,"['DoE_002d2fe6e9', 'DoE_00b7b85d81', 'DoE_0a1a4f3e8a', 'DoE_10fe7b512b', 'DoE_130f17b10d', 'DoE_19614e62bc', 'DoE_1db9cf1267', 'DoE_4a3da4e6cb', 'DoE_5cb370f680', 'DoE_7802211904', 'DoE_7a08601d34', 'DoE_833e96412a', 'DoE_9f2e67de20', 'DoE_d6e8464712', 'DoE_ef63c233fd', 'DoE_ffb0f643b4']","{'job_uuid': 'provider_98ce4510ee', 'job_type': 'provider', 'created': '2025-06-18T09:52:34.417671', 'updated': '2025-06-18T09:52:34.417673', 'retry': {'attempts': 0, 'last_error': None, 'penalty': 0, 'next_retry': '2025-06-18T09:52:34.417689'}, 'input': {'src_file_path': 'data/rawData/primary/DS04.hdf5', 'src_ds_rel_path': ['Betulaceae/Alnus/Alnus_firma/prep_10208'], 'dest_rel_path': 'set by provider.storer()', 'stored_locally': [1], 'image_data': None}, 'attrs': {'Level1': {'woodType': 'Hardwood'}, 'Level2': {'family': 'Betulaceae', 'genus': 'Alnus'}, 'Level3': {'genus': 'Alnus'}, 'Level4': {'species': 'AlnusFirma', 'engName': 'unknown', 'deName': 'unknown', 'frName': 'unknown', 'japName': 'Yashabushi'}, 'Level5': {'sourceID': 'AlnusFirma_DS04', 'sourceNo': 'DS04'}, 'Level6': {'specimenID': 'AlnusFirma_DS04_No002', 'microscopicTechnic': 'light microscopy', 'institution': 'Kyoto University; Xylarium', 'institutionCode': 'XDD', 'contributor': 'unknown', 'citeKey': 'sugyiama_2020', 'IFAW_code': 'unknown', 'samplingPoint': 'Kami-hagihara, Koshu City, Yamanashi Pref.', 'origin': 'unknown'}, 'Level7': {'sampleID': 'AlnusFirma_DS04_No002_TS_x2.0', 'view': 'TS', 'lens': 2.0, 'totalNumberShots': 12}, 'dataSet_attrs': {'pixelSize_um_per_pixel': 2.96, 'DPI': 8581.08, 'area_x_mm': 2.7, 'area_y_mm': 2.7, 'numericalAperature_NA': 0.08, 'GPS_Alt': 882.0, 'GPS_Lat': None, 'GPS_Long': None, 'raw_UUID': 'r_EXkP2w'}}, 'status': 'todo', 'og_job_uuids': ['DoE_002d2fe6e9', 'DoE_00b7b85d81', 'DoE_0a1a4f3e8a', 'DoE_10fe7b512b', 'DoE_130f17b10d', 'DoE_19614e62bc', 'DoE_1db9cf1267', 'DoE_4a3da4e6cb', 'DoE_5cb370f680', 'DoE_7802211904', 'DoE_7a08601d34', 'DoE_833e96412a', 'DoE_9f2e67de20', 'DoE_d6e8464712', 'DoE_ef63c233fd', 'DoE_ffb0f643b4']}"
provider_8f1465621d,provider,2025-06-18 09:52:34.419178,2025-06-18 09:52:34.419180,"{'attempts': 0, 'last_error': None, 'penalty': 0, 'next_retry': datetime.datetime(2025, 6, 18, 9, 52, 34, 419187)}","{'src_file_path': 'data/rawData/primary/DS04.hdf5', 'src_ds_rel_path': ['Betulaceae/Alnus/Alnus_firma/prep_10337'], 'dest_rel_path': 'set by provider.storer()', 'stored_locally': [1], 'image_data': None}","{'Level1': {'woodType': 'Hardwood'}, 'Level2': {'family': 'Betulaceae', 'genus': 'Alnus'}, 'Level3': {'genus': 'Alnus'}, 'Level4': {'species': 'AlnusFirma', 'engName': 'unknown', 'deName': 'unknown', 'frName': 'unknown', 'japName': 'Yashabushi'}, 'Level5': {'sourceID': 'AlnusFirma_DS04', 'sourceNo': 'DS04'}, 'Level6': {'specimenID': 'AlnusFirma_DS04_No003', 'microscopicTechnic': 'light microscopy', 'institution': 'Kyoto University; Xylarium', 'institutionCode': 'XDD', 'contributor': 'unknown', 'citeKey': 'sugyiama_2020', 'IFAW_code': 'unknown', 'samplingPoint': 'Outaki mura, Kiso gun, Nagano Pref.', 'origin': 'unknown'}, 'Level7': {'sampleID': 'AlnusFirma_DS04_No003_TS_x2.0', 'view': 'TS', 'lens': 2.0, 'totalNumberShots': 10}, 'dataSet_attrs': {'pixelSize_um_per_pixel': 2.96, 'DPI': 8581.08, 'area_x_mm': 2.7, 'area_y_mm': 2.7, 'numericalAperature_NA': 0.08, 'GPS_Alt': 1220.0, 'GPS_Lat': None, 'GPS_Long': None, 'raw_UUID': 'r_135jxn'}}",todo,"['DoE_002d2fe6e9', 'DoE_00b7b85d81', 'DoE_0a1a4f3e8a', 'DoE_10fe7b512b', 'DoE_130f17b10d', 'DoE_19614e62bc', 'DoE_1db9cf1267', 'DoE_4a3da4e6cb', 'DoE_5cb370f680', 'DoE_7802211904', 'DoE_7a08601d34', 'DoE_833e96412a', 'DoE_9f2e67de20', 'DoE_d6e8464712', 'DoE_ef63c233fd', 'DoE_ffb0f643b4']","{'job_uuid': 'provider_8f1465621d', 'job_type': 'provider', 'created': '2025-06-18T09:52:34.419178', 'updated': '2025-06-18T09:52:34.419180', 'retry': {'attempts': 0, 'last_error': None, 'penalty': 0, 'next_retry': '2025-06-18T09:52:34.419187'}, 'input': {'src_file_path': 'data/rawData/primary/DS04.hdf5', 'src_ds_rel_path': ['Betulaceae/Alnus/Alnus_firma/prep_10337'], 'dest_rel_path': 'set by provider.storer()', 'stored_locally': [1], 'image_data': None}, 'attrs': {'Level1': {'woodType': 'Hardwood'}, 'Level2': {'family': 'Betulaceae', 'genus': 'Alnus'}, 'Level3': {'genus': 'Alnus'}, 'Level4': {'species': 'AlnusFirma', 'engName': 'unknown', 'deName': 'unknown', 'frName': 'unknown', 'japName': 'Yashabushi'}, 'Level5': {'sourceID': 'AlnusFirma_DS04', 'sourceNo': 'DS04'}, 'Level6': {'specimenID': 'AlnusFirma_DS04_No003', 'microscopicTechnic': 'light microscopy', 'institution': 'Kyoto University; Xylarium', 'institutionCode': 'XDD', 'contributor': 'unknown', 'citeKey': 'sugyiama_2020', 'IFAW_code': 'unknown', 'samplingPoint': 'Outaki mura, Kiso gun, Nagano Pref.', 'origin': 'unknown'}, 'Level7': {'sampleID': 'AlnusFirma_DS04_No003_TS_x2.0', 'view': 'TS', 'lens': 2.0, 'totalNumberShots': 10}, 'dataSet_attrs': {'pixelSize_um_per_pixel': 2.96, 'DPI': 8581.08, 'area_x_mm': 2.7, 'area_y_mm': 2.7, 'numericalAperature_NA': 0.08, 'GPS_Alt': 1220.0, 'GPS_Lat': None, 'GPS_Long': None, 'raw_UUID': 'r_135jxn'}}, 'status': 'todo', 'og_job_uuids': ['DoE_002d2fe6e9', 'DoE_00b7b85d81', 'DoE_0a1a4f3e8a', 'DoE_10fe7b512b', 'DoE_130f17b10d', 'DoE_19614e62bc', 'DoE_1db9cf1267', 'DoE_4a3da4e6cb', 'DoE_5cb370f680', 'DoE_7802211904', 'DoE_7a08601d34', 'DoE_833e96412a', 'DoE_9f2e67de20', 'DoE_d6e8464712', 'DoE_ef63c233fd', 'DoE_ffb0f643b4']}"
provider_1bfe659498,provider,2025-06-18 09:52:34.420653,2025-06-18 09:52:34.420655,"{'attempts': 0, 'last_error': None, 'penalty': 0, 'next_retry': datetime.datetime(2025, 6, 18, 9, 52, 34, 420662)}","{'src_file_path': 'data/rawData/primary/DS04.hdf5', 'src_ds_rel_path': ['Betulaceae/Alnus/Alnus_firma/prep_10769'], 'dest_rel_path': 'set by provider.storer()', 'stored_locally': [1], 'image_data': None}","{'Level1': {'woodType': 'Hardwood'}, 'Level2': {'family': 'Betulaceae', 'genus': 'Alnus'}, 'Level3': {'genus': 'Alnus'}, 'Level4': {'species': 'AlnusFirma', 'engName': 'unknown', 'deName': 'unknown', 'frName': 'unknown', 'japName': 'Yashabushi'}, 'Level5': {'sourceID': 'AlnusFirma_DS04', 'sourceNo': 'DS04'}, 'Level6': {'specimenID': 'AlnusFirma_DS04_No004', 'microscopicTechnic': 'light microscopy', 'institution': 'Kyoto University; Xylarium', 'institutionCode': 'XDD', 'contributor': 'unknown', 'citeKey': 'sugyiama_2020', 'IFAW_code': 'unknown', 'samplingPoint': 'Kita-ibaraki City, Ibaraki Pref.', 'origin': 'unknown'}, 'Level7': {'sampleID': 'AlnusFirma_DS04_No004_TS_x2.0', 'view': 'TS', 'lens': 2.0, 'totalNumberShots': 12}, 'dataSet_attrs': {'pixelSize_um_per_pixel': 2.96, 'DPI': 8581.08, 'area_x_mm': 2.7, 'area_y_mm': 2.7, 'numericalAperature_NA': 0.08, 'GPS_Alt': 747.0, 'GPS_Lat': None, 'GPS_Long': None, 'raw_UUID': 'r_evS9ds'}}",todo,"['DoE_002d2fe6e9', 'DoE_00b7b85d81', 'DoE_0a1a4f3e8a', 'DoE_10fe7b512b', 'DoE_130f17b10d', 'DoE_19614e62bc', 'DoE_1db9cf1267', 'DoE_4a3da4e6cb', 'DoE_5cb370f680', 'DoE_7802211904', 'DoE_7a08601d34', 'DoE_833e96412a', 'DoE_9f2e67de20', 'DoE_d6e8464712', 'DoE_ef63c233fd', 'DoE_ffb0f643b4']","{'job_uuid': 'provider_1bfe659498', 'job_type': 'provider', 'created': '2025-06-18T09:52:34.420653', 'updated': '2025-06-18T09:52:34.420655', 'retry': {'attempts': 0, 'last_error': None, 'penalty': 0, 'next_retry': '2025-06-18T09:52:34.420662'}, 'input': {'src_file_path': 'data/rawData/primary/DS04.hdf5', 'src_ds_rel_path': ['Betulaceae/Alnus/Alnus_firma/prep_10769'], 'dest_rel_path': 'set by provider.storer()', 'stored_locally': [1], 'image_data': None}, 'attrs': {'Level1': {'woodType': 'Hardwood'}, 'Level2': {'family': 'Betulaceae', 'genus': 'Alnus'}, 'Level3': {'genus': 'Alnus'}, 'Level4': {'species': 'AlnusFirma', 'engName': 'unknown', 'deName': 'unknown', 'frName': 'unknown', 'japName': 'Yashabushi'}, 'Level5': {'sourceID': 'AlnusFirma_DS04', 'sourceNo': 'DS04'}, 'Level6': {'specimenID': 'AlnusFirma_DS04_No004', 'microscopicTechnic': 'light microscopy', 'institution': 'Kyoto University; Xylarium', 'institutionCode': 'XDD', 'contributor': 'unknown', 'citeKey': 'sugyiama_2020', 'IFAW_code': 'unknown', 'samplingPoint': 'Kita-ibaraki City, Ibaraki Pref.', 'origin': 'unknown'}, 'Level7': {'sampleID': 'AlnusFirma_DS04_No004_TS_x2.0', 'view': 'TS', 'lens': 2.0, 'totalNumberShots': 12}, 'dataSet_attrs': {'pixelSize_um_per_pixel': 2.96, 'DPI': 8581.08, 'area_x_mm': 2.7, 'area_y_mm': 2.7, 'numericalAperature_NA': 0.08, 'GPS_Alt': 747.0, 'GPS_Lat': None, 'GPS_Long': None, 'raw_UUID': 'r_evS9ds'}}, 'status': 'todo', 'og_job_uuids': ['DoE_002d2fe6e9', 'DoE_00b7b85d81', 'DoE_0a1a4f3e8a', 'DoE_10fe7b512b', 'DoE_130f17b10d', 'DoE_19614e62bc', 'DoE_1db9cf1267', 'DoE_4a3da4e6cb', 'DoE_5cb370f680', 'DoE_7802211904', 'DoE_7a08601d34', 'DoE_833e96412a', 'DoE_9f2e67de20', 'DoE_d6e8464712', 'DoE_ef63c233fd', 'DoE_ffb0f643b4']}"
provider_4a1ee47f13,provider,2025-06-18 09:52:34.422140,2025-06-18 09:52:34.422143,"{'attempts': 0, 'last_error': None, 'penalty': 0, 'next_retry': datetime.datetime(2025, 6, 18, 9, 52, 34, 422152)}","{'src_file_path': 'data/rawData/primary/DS04.hdf5', 'src_ds_rel_path': ['Betulaceae/Alnus/Alnus_firma/prep_10825'], 'dest_rel_path': 'set by provider.storer()', 'stored_locally': [1], 'image_data': None}","{'Level1': {'woodType': 'Hardwood'}, 'Level2': {'family': 'Betulaceae', 'genus': 'Alnus'}, 'Level3': {'genus': 'Alnus'}, 'Level4': {'species': 'AlnusFirma', 'engName': 'unknown', 'deName': 'unknown', 'frName': 'unknown', 'japName': 'Yashabushi'}, 'Level5': {'sourceID': 'AlnusFirma_DS04', 'sourceNo': 'DS04'}, 'Level6': {'specimenID': 'AlnusFirma_DS04_No005', 'microscopicTechnic': 'light microscopy', 'institution': 'Kyoto University; Xylarium', 'institutionCode': 'XDD', 'contributor': 'unknown', 'citeKey': 'sugyiama_2020', 'IFAW_code': 'unknown', 'samplingPoint': 'Hitachi-ohta City, Ibaraki Pref.', 'origin': 'unknown'}, 'Level7': {'sampleID': 'AlnusFirma_DS04_No005_TS_x2.0', 'view': 'TS', 'lens': 2.0, 'totalNumberShots': 16}, 'dataSet_attrs': {'pixelSize_um_per_pixel': 2.96, 'DPI': 8581.08, 'area_x_mm': 2.7, 'area_y_mm': 2.7, 'numericalAperature_NA': 0.08, 'GPS_Alt': 308.0, 'GPS_Lat': None, 'GPS_Long': None, 'raw_UUID': 'r_UV8iXE'}}",todo,"['DoE_002d2fe6e9', 'DoE_00b7b85d81', 'DoE_0a1a4f3e8a', 'DoE_10fe7b512b', 'DoE_130f17b10d', 'DoE_19614e62bc', 'DoE_1db9cf1267', 'DoE_4a3da4e6cb', 'DoE_5cb370f680', 'DoE_7802211904', 'DoE_7a08601d34', 'DoE_833e96412a', 'DoE_9f2e67de20', 'DoE_d6e8464712', 'DoE_ef63c233fd', 'DoE_ffb0f643b4']","{'job_uuid': 'provider_4a1ee47f13', 'job_type': 'provider', 'created': '2025-06-18T09:52:34.422140', 'updated': '2025-06-18T09:52:34.422143', 'retry': {'attempts': 0, 'last_error': None, 'penalty': 0, 'next_retry': '2025-06-18T09:52:34.422152'}, 'input': {'src_file_path': 'data/rawData/primary/DS04.hdf5', 'src_ds_rel_path': ['Betulaceae/Alnus/Alnus_firma/prep_10825'], 'dest_rel_path': 'set by provider.storer()', 'stored_locally': [1], 'image_data': None}, 'attrs': {'Level1': {'woodType': 'Hardwood'}, 'Level2': {'family': 'Betulaceae', 'genus': 'Alnus'}, 'Level3': {'genus': 'Alnus'}, 'Level4': {'species': 'AlnusFirma', 'engName': 'unknown', 'deName': 'unknown', 'frName': 'unknown', 'japName': 'Yashabushi'}, 'Level5': {'sourceID': 'AlnusFirma_DS04', 'sourceNo': 'DS04'}, 'Level6': {'specimenID': 'AlnusFirma_DS04_No005', 'microscopicTechnic': 'light microscopy', 'institution': 'Kyoto University; Xylarium', 'institutionCode': 'XDD', 'contributor': 'unknown', 'citeKey': 'sugyiama_2020', 'IFAW_code': 'unknown', 'samplingPoint': 'Hitachi-ohta City, Ibaraki Pref.', 'origin': 'unknown'}, 'Level7': {'sampleID': 'AlnusFirma_DS04_No005_TS_x2.0', 'view': 'TS', 'lens': 2.0, 'totalNumberShots': 16}, 'dataSet_attrs': {'pixelSize_um_per_pixel': 2.96, 'DPI': 8581.08, 'area_x_mm': 2.7, 'area_y_mm': 2.7, 'numericalAperature_NA': 0.08, 'GPS_Alt': 308.0, 'GPS_Lat': None, 'GPS_Long': None, 'raw_UUID': 'r_UV8iXE'}}, 'status': 'todo', 'og_job_uuids': ['DoE_002d2fe6e9', 'DoE_00b7b85d81', 'DoE_0a1a4f3e8a', 'DoE_10fe7b512b', 'DoE_130f17b10d', 'DoE_19614e62bc', 'DoE_1db9cf1267', 'DoE_4a3da4e6cb', 'DoE_5cb370f680', 'DoE_7802211904', 'DoE_7a08601d34', 'DoE_833e96412a', 'DoE_9f2e67de20', 'DoE_d6e8464712', 'DoE_ef63c233fd', 'DoE_ffb0f643b4']}"
provider_aa5d8c6844,provider,2025-06-18 09:52:34.423571,2025-06-18 09:52:34.423573,"{'attempts': 0, 'last_error': None, 'penalty': 0, 'next_retry': datetime.datetime(2025, 6, 18, 9, 52, 34, 423580)}","{'src_file_path': 'https://iiif-images.lib.ncsu.edu/iiif/2/insidewood-{id}/full/full/0/default.jpg', 'src_ds_rel_path': ['74648'], 'dest_rel_path': 'set by provider.storer()', 'stored_locally': [0], 'image_data': None}","{'Level1': {'woodType': 'Hardwood'}, 'Level2': {'family': 'Betulaceae', 'genus': 'Alnus'}, 'Level3': {'genus': 'Alnus'}, 'Level4': {'species': 'AlnusFirma', 'engName': 'unknown', 'deName': 'unknown', 'frName': 'unknown', 'japName': 'unknown'}, 'Level5': {'sourceID': 'AlnusFirma_DS11', 'sourceNo': 'DS11'}, 'Level6': {'specimenID': 'AlnusFirma_DS11_No003', 'microscopicTechnic': 'unknown', 'institution': 'North Carolina State University, USA', 'institutionCode': 'NCSU', 'contributor': 'Elisabeth Wheeler', 'citeKey': 'unknown', 'IFAW_code': 'unknown', 'samplingPoint': 'unknown', 'origin': 'unknown'}, 'Level7': {'sampleID': 'AlnusFirma_DS11_No003_RLS_x10.0', 'view': 'RLS', 'lens': 10.0, 'totalNumberShots': 12}, 'dataSet_attrs': {'pixelSize_um_per_pixel': nan, 'DPI': 300.0, 'area_x_mm': nan, 'area_y_mm': nan, 'numericalAperature_NA': nan, 'GPS_Alt': nan, 'GPS_Lat': None, 'GPS_Long': None, 'raw_UUID': 'r_8bkzcR'}}",todo,"['DoE_0b2e8bb9e5', 'DoE_0d2d04710e', 'DoE_218b1277fb', 'DoE_26b8008cbc', 'DoE_36277a59c4', 'DoE_3d8e371308', 'DoE_3f59b15248', 'DoE_4720f4ff2d', 'DoE_4fab0ab35c', 'DoE_64b12a710b', 'DoE_759d646dd3', 'DoE_79b25ee937', 'DoE_7f54c864d0', 'DoE_80e5128d9d', 'DoE_83dae60762', 'DoE_87916bd2c6', 'DoE_88779e4b6b', 'DoE_a511f3f8a5', 'DoE_a84faaea78', 'DoE_ade5c30a54', 'DoE_ae4f7cc787', 'DoE_bb497b9431', 'DoE_bc229b3da8', 'DoE_cb02f0934e', 'DoE_d26064bdbe', 'DoE_dc58b95345', 'DoE_e0d2faa465', 'DoE_e23a5d4b1e', 'DoE_e307b8ce45', 'DoE_e9b6627cde', 'DoE_f951172287', 'DoE_ff11853985']","{'job_uuid': 'provider_aa5d8c6844', 'job_type': 'provider', 'created': '2025-06-18T09:52:34.423571', 'updated': '2025-06-18T09:52:34.423573', 'retry': {'attempts': 0, 'last_error': None, 'penalty': 0, 'next_retry': '2025-06-18T09:52:34.423580'}, 'input': {'src_file_path': 'https://iiif-images.lib.ncsu.edu/iiif/2/insidewood-{id}/full/full/0/default.jpg', 'src_ds_rel_path': ['74648'], 'dest_rel_path': 'set by provider.storer()', 'stored_locally': [0], 'image_data': None}, 'attrs': {'Level1': {'woodType': 'Hardwood'}, 'Level2': {'family': 'Betulaceae', 'genus': 'Alnus'}, 'Level3': {'genus': 'Alnus'}, 'Level4': {'species': 'AlnusFirma', 'engName': 'unknown', 'deName': 'unknown', 'frName': 'unknown', 'japName': 'unknown'}, 'Level5': {'sourceID': 'AlnusFirma_DS11', 'sourceNo': 'DS11'}, 'Level6': {'specimenID': 'AlnusFirma_DS11_No003', 'microscopicTechnic': 'unknown', 'institution': 'North Carolina State University, USA', 'institutionCode': 'NCSU', 'contributor': 'Elisabeth Wheeler', 'citeKey': 'unknown', 'IFAW_code': 'unknown', 'samplingPoint': 'unknown', 'origin': 'unknown'}, 'Level7': {'sampleID': 'AlnusFirma_DS11_No003_RLS_x10.0', 'view': 'RLS', 'lens': 10.0, 'totalNumberShots': 12}, 'dataSet_attrs': {'pixelSize_um_per_pixel': nan, 'DPI': 300.0, 'area_x_mm': nan, 'area_y_mm': nan, 'numericalAperature_NA': nan, 'GPS_Alt': nan, 'GPS_Lat': None, 'GPS_Long': None, 'raw_UUID': 'r_8bkzcR'}}, 'status': 'todo', 'og_job_uuids': ['DoE_0b2e8bb9e5', 'DoE_0d2d04710e', 'DoE_218b1277fb', 'DoE_26b8008cbc', 'DoE_36277a59c4', 'DoE_3d8e371308', 'DoE_3f59b15248', 'DoE_4720f4ff2d', 'DoE_4fab0ab35c', 'DoE_64b12a710b', 'DoE_759d646dd3', 'DoE_79b25ee937', 'DoE_7f54c864d0', 'DoE_80e5128d9d', 'DoE_83dae60762', 'DoE_87916bd2c6', 'DoE_88779e4b6b', 'DoE_a511f3f8a5', 'DoE_a84faaea78', 'DoE_ade5c30a54', 'DoE_ae4f7cc787', 'DoE_bb497b9431', 'DoE_bc229b3da8', 'DoE_cb02f0934e', 'DoE_d26064bdbe', 'DoE_dc58b95345', 'DoE_e0d2faa465', 'DoE_e23a5d4b1e', 'DoE_e307b8ce45', 'DoE_e9b6627cde', 'DoE_f951172287', 'DoE_ff11853985']}"
provider_636e941c16,provider,2025-06-18 09:52:34.424991,2025-06-18 09:52:34.424992,"{'attempts': 0, 'last_error': None, 'penalty': 0, 'next_retry': datetime.datetime(2025, 6, 18, 9, 52, 34, 425000)}","{'src_file_path': 'https://iiif-images.lib.ncsu.edu/iiif/2/insidewood-{id}/full/full/0/default.jpg', 'src_ds_rel_path': ['74649'], 'dest_rel_path': 'set by provider.storer()', 'stored_locally': [0], 'image_data': None}","{'Level1': {'woodType': 'Hardwood'}, 'Level2': {'family': 'Betulaceae', 'genus': 'Alnus'}, 'Level3': {'genus': 'Alnus'}, 'Level4': {'species': 'AlnusFirma', 'engName': 'unknown', 'deName': 'unknown', 'frName': 'unknown', 'japName': 'unknown'}, 'Level5': {'sourceID': 'AlnusFirma_DS11', 'sourceNo': 'DS11'}, 'Level6': {'specimenID': 'AlnusFirma_DS11_No003', 'microscopicTechnic': 'unknown', 'institution': 'North Carolina State University, USA', 'institutionCode': 'NCSU', 'contributor': 'Elisabeth Wheeler', 'citeKey': 'unknown', 'IFAW_code': 'unknown', 'samplingPoint': 'unknown', 'origin': 'unknown'}, 'Level7': {'sampleID': 'AlnusFirma_DS11_No003_RLS_x20.0', 'view': 'RLS', 'lens': 20.0, 'totalNumberShots': 12}, 'dataSet_attrs': {'pixelSize_um_per_pixel': nan, 'DPI': 300.0, 'area_x_mm': nan, 'area_y_mm': nan, 'numericalAperature_NA': nan, 'GPS_Alt': nan, 'GPS_Lat': None, 'GPS_Long': None, 'raw_UUID': 'r_iAcBNN'}}",todo,"['DoE_26b8008cbc', 'DoE_3d8e371308', 'DoE_4720f4ff2d', 'DoE_4fab0ab35c', 'DoE_759d646dd3', 'DoE_79b25ee937', 'DoE_7f54c864d0', 'DoE_83dae60762', 'DoE_87916bd2c6', 'DoE_88779e4b6b', 'DoE_a84faaea78', 'DoE_cb02f0934e', 'DoE_d26064bdbe', 'DoE_dc58b95345', 'DoE_e0d2faa465', 'DoE_ff11853985']","{'job_uuid': 'provider_636e941c16', 'job_type': 'provider', 'created': '2025-06-18T09:52:34.424991', 'updated': '2025-06-18T09:52:34.424992', 'retry': {'attempts': 0, 'last_error': None, 'penalty': 0, 'next_retry': '2025-06-18T09:52:34.425000'}, 'input': {'src_file_path': 'https://iiif-images.lib.ncsu.edu/iiif/2/insidewood-{id}/full/full/0/default.jpg', 'src_ds_rel_path': ['74649'], 'dest_rel_path': 'set by provider.storer()', 'stored_locally': [0], 'image_data': None}, 'attrs': {'Level1': {'woodType': 'Hardwood'}, 'Level2': {'family': 'Betulaceae', 'genus': 'Alnus'}, 'Level3': {'genus': 'Alnus'}, 'Level4': {'species': 'AlnusFirma', 'engName': 'unknown', 'deName': 'unknown', 'frName': 'unknown', 'japName': 'unknown'}, 'Level5': {'sourceID': 'AlnusFirma_DS11', 'sourceNo': 'DS11'}, 'Level6': {'specimenID': 'AlnusFirma_DS11_No003', 'microscopicTechnic': 'unknown', 'institution': 'North Carolina State University, USA', 'institutionCode': 'NCSU', 'contributor': 'Elisabeth Wheeler', 'citeKey': 'unknown', 'IFAW_code': 'unknown', 'samplingPoint': 'unknown', 'origin': 'unknown'}, 'Level7': {'sampleID': 'AlnusFirma_DS11_No003_RLS_x20.0', 'view': 'RLS', 'lens': 20.0, 'totalNumberShots': 12}, 'dataSet_attrs': {'pixelSize_um_per_pixel': nan, 'DPI': 300.0, 'area_x_mm': nan, 'area_y_mm': nan, 'numericalAperature_NA': nan, 'GPS_Alt': nan, 'GPS_Lat': None, 'GPS_Long': None, 'raw_UUID': 'r_iAcBNN'}}, 'status': 'todo', 'og_job_uuids': ['DoE_26b8008cbc', 'DoE_3d8e371308', 'DoE_4720f4ff2d', 'DoE_4fab0ab35c', 'DoE_759d646dd3', 'DoE_79b25ee937', 'DoE_7f54c864d0', 'DoE_83dae60762', 'DoE_87916bd2c6', 'DoE_88779e4b6b', 'DoE_a84faaea78', 'DoE_cb02f0934e', 'DoE_d26064bdbe', 'DoE_dc58b95345', 'DoE_e0d2faa465', 'DoE_ff11853985']}"
provider_a6f4bf3a05,provider,2025-06-18 09:52:34.426477,2025-06-18 09:52:34.426479,"{'attempts': 0, 'last_error': None, 'penalty': 0, 'next_retry': datetime.datetime(2025, 6, 18, 9, 52, 34, 426487)}","{'src_file_path': 'https://iiif-images.lib.ncsu.edu/iiif/2/insidewood-{id}/full/full/0/default.jpg', 'src_ds_rel_path': ['74647'], 'dest_rel_path': 'set by provider.storer()', 'stored_locally': [0], 'image_data': None}","{'Level1': {'woodType': 'Hardwood'}, 'Level2': {'family': 'Betulaceae', 'genus': 'Alnus'}, 'Level3': {'genus': 'Alnus'}, 'Level4': {'species': 'AlnusFirma', 'engName': 'unknown', 'deName': 'unknown', 'frName': 'unknown', 'japName': 'unknown'}, 'Level5': {'sourceID': 'AlnusFirma_DS11', 'sourceNo': 'DS11'}, 'Level6': {'specimenID': 'AlnusFirma_DS11_No003', 'microscopicTechnic': 'unknown', 'institution': 'North Carolina State University, USA', 'institutionCode': 'NCSU', 'contributor': 'Elisabeth Wheeler', 'citeKey': 'unknown', 'IFAW_code': 'unknown', 'samplingPoint': 'unknown', 'origin': 'unknown'}, 'Level7': {'sampleID': 'AlnusFirma_DS11_No003_RLS_x4.0', 'view': 'RLS', 'lens': 4.0, 'totalNumberShots': 12}, 'dataSet_attrs': {'pixelSize_um_per_pixel': nan, 'DPI': 300.0, 'area_x_mm': nan, 'area_y_mm': nan, 'numericalAperature_NA': nan, 'GPS_Alt': nan, 'GPS_Lat': None, 'GPS_Long': None, 'raw_UUID': 'r_fN2O6S'}}",todo,"['DoE_26b8008cbc', 'DoE_3d8e371308', 'DoE_4720f4ff2d', 'DoE_4fab0ab35c', 'DoE_759d646dd3', 'DoE_79b25ee937', 'DoE_7f54c864d0', 'DoE_83dae60762', 'DoE_87916bd2c6', 'DoE_88779e4b6b', 'DoE_a84faaea78', 'DoE_cb02f0934e', 'DoE_d26064bdbe', 'DoE_dc58b95345', 'DoE_e0d2faa465', 'DoE_ff11853985']","{'job_uuid': 'provider_a6f4bf3a05', 'job_type': 'provider', 'created': '2025-06-18T09:52:34.426477', 'updated': '2025-06-18T09:52:34.426479', 'retry': {'attempts': 0, 'last_error': None, 'penalty': 0, 'next_retry': '2025-06-18T09:52:34.426487'}, 'input': {'src_file_path': 'https://iiif-images.lib.ncsu.edu/iiif/2/insidewood-{id}/full/full/0/default.jpg', 'src_ds_rel_path': ['74647'], 'dest_rel_path': 'set by provider.storer()', 'stored_locally': [0], 'image_data': None}, 'attrs': {'Level1': {'woodType': 'Hardwood'}, 'Level2': {'family': 'Betulaceae', 'genus': 'Alnus'}, 'Level3': {'genus': 'Alnus'}, 'Level4': {'species': 'AlnusFirma', 'engName': 'unknown', 'deName': 'unknown', 'frName': 'unknown', 'japName': 'unknown'}, 'Level5': {'sourceID': 'AlnusFirma_DS11', 'sourceNo': 'DS11'}, 'Level6': {'specimenID': 'AlnusFirma_DS11_No003', 'microscopicTechnic': 'unknown', 'institution': 'North Carolina State University, USA', 'institutionCode': 'NCSU', 'contributor': 'Elisabeth Wheeler', 'citeKey': 'unknown', 'IFAW_code': 'unknown', 'samplingPoint': 'unknown', 'origin': 'unknown'}, 'Level7': {'sampleID': 'AlnusFirma_DS11_No003_RLS_x4.0', 'view': 'RLS', 'lens': 4.0, 'totalNumberShots': 12}, 'dataSet_attrs': {'pixelSize_um_per_pixel': nan, 'DPI': 300.0, 'area_x_mm': nan, 'area_y_mm': nan, 'numericalAperature_NA': nan, 'GPS_Alt': nan, 'GPS_Lat': None, 'GPS_Long': None, 'raw_UUID': 'r_fN2O6S'}}, 'status': 'todo', 'og_job_uuids': ['DoE_26b8008cbc', 'DoE_3d8e371308', 'DoE_4720f4ff2d', 'DoE_4fab0ab35c', 'DoE_759d646dd3', 'DoE_79b25ee937', 'DoE_7f54c864d0', 'DoE_83dae60762', 'DoE_87916bd2c6', 'DoE_88779e4b6b', 'DoE_a84faaea78', 'DoE_cb02f0934e', 'DoE_d26064bdbe', 'DoE_dc58b95345', 'DoE_e0d2faa465', 'DoE_ff11853985']}"
provider_f2f18521d8,provider,2025-06-18 09:52:34.427917,2025-06-18 09:52:34.427919,"{'attempts': 0, 'last_error': None, 'penalty': 0, 'next_retry': datetime.datetime(2025, 6, 18, 9, 52, 34, 427926)}","{'src_file_path': 'https://iiif-images.lib.ncsu.edu/iiif/2/insidewood-{id}/full/full/0/default.jpg', 'src_ds_rel_path': ['74651', '74653'], 'dest_rel_path': 'set by provider.storer()', 'stored_locally': [0, 0], 'image_data': None}","{'Level1': {'woodType': 'Hardwood'}, 'Level2': {'family': 'Betulaceae', 'genus': 'Alnus'}, 'Level3': {'genus': 'Alnus'}, 'Level4': {'species': 'AlnusFirma', 'engName': 'unknown', 'deName': 'unknown', 'frName': 'unknown', 'japName': 'unknown'}, 'Level5': {'sourceID': 'AlnusFirma_DS11', 'sourceNo': 'DS11'}, 'Level6': {'specimenID': 'AlnusFirma_DS11_No003', 'microscopicTechnic': 'unknown', 'institution': 'North Carolina State University, USA', 'institutionCode': 'NCSU', 'contributor': 'Elisabeth Wheeler', 'citeKey': 'unknown', 'IFAW_code': 'unknown', 'samplingPoint': 'unknown', 'origin': 'unknown'}, 'Level7': {'sampleID': 'AlnusFirma_DS11_No003_TLS_x10.0', 'view': 'TLS', 'lens': 10.0, 'totalNumberShots': 12}, 'dataSet_attrs': {'pixelSize_um_per_pixel': nan, 'DPI': 300.0, 'area_x_mm': nan, 'area_y_mm': nan, 'numericalAperature_NA': nan, 'GPS_Alt': nan, 'GPS_Lat': None, 'GPS_Long': None, 'raw_UUID': 'r_BqMYSw, r_9L7ICO'}}",todo,"['DoE_11a97a373f', 'DoE_158c6b5f76', 'DoE_18ec276ecf', 'DoE_1cc9f015b0', 'DoE_1f6ea335fe', 'DoE_39c1674f55', 'DoE_4dc01d46ad', 'DoE_5935bfb5ee', 'DoE_67409bca18', 'DoE_6c393f1706', 'DoE_6d16ba0d47', 'DoE_6de75fe92a', 'DoE_70c24a5cb8', 'DoE_7298747c43', 'DoE_763fc98209', 'DoE_78c892ca86', 'DoE_88621cf65e', 'DoE_89f9a7d062', 'DoE_8c320e88da', 'DoE_a0512eeb5c', 'DoE_a7e380322f', 'DoE_abd3aa14bc', 'DoE_b1a6816041', 'DoE_cf4513bfd7', 'DoE_d9654e5d03', 'DoE_e901c6d24e', 'DoE_f04641b0dd', 'DoE_f05120aba7', 'DoE_f191823512', 'DoE_f1bd44470d', 'DoE_f59b8e4b7b', 'DoE_f63456aec2']","{'job_uuid': 'provider_f2f18521d8', 'job_type': 'provider', 'created': '2025-06-18T09:52:34.427917', 'updated': '2025-06-18T09:52:34.427919', 'retry': {'attempts': 0, 'last_error': None, 'penalty': 0, 'next_retry': '2025-06-18T09:52:34.427926'}, 'input': {'src_file_path': 'https://iiif-images.lib.ncsu.edu/iiif/2/insidewood-{id}/full/full/0/default.jpg', 'src_ds_rel_path': ['74651', '74653'], 'dest_rel_path': 'set by provider.storer()', 'stored_locally': [0, 0], 'image_data': None}, 'attrs': {'Level1': {'woodType': 'Hardwood'}, 'Level2': {'family': 'Betulaceae', 'genus': 'Alnus'}, 'Level3': {'genus': 'Alnus'}, 'Level4': {'species': 'AlnusFirma', 'engName': 'unknown', 'deName': 'unknown', 'frName': 'unknown', 'japName': 'unknown'}, 'Level5': {'sourceID': 'AlnusFirma_DS11', 'sourceNo': 'DS11'}, 'Level6': {'specimenID': 'AlnusFirma_DS11_No003', 'microscopicTechnic': 'unknown', 'institution': 'North Carolina State University, USA', 'institutionCode': 'NCSU', 'contributor': 'Elisabeth Wheeler', 'citeKey': 'unknown', 'IFAW_code': 'unknown', 'samplingPoint': 'unknown', 'origin': 'unknown'}, 'Level7': {'sampleID': 'AlnusFirma_DS11_No003_TLS_x10.0', 'view': 'TLS', 'lens': 10.0, 'totalNumberShots': 12}, 'dataSet_attrs': {'pixelSize_um_per_pixel': nan, 'DPI': 300.0, 'area_x_mm': nan, 'area_y_mm': nan, 'numericalAperature_NA': nan, 'GPS_Alt': nan, 'GPS_Lat': None, 'GPS_Long': None, 'raw_UUID': 'r_BqMYSw, r_9L7ICO'}}, 'status': 'todo', 'og_job_uuids': ['DoE_11a97a373f', 'DoE_158c6b5f76', 'DoE_18ec276ecf', 'DoE_1cc9f015b0', 'DoE_1f6ea335fe', 'DoE_39c1674f55', 'DoE_4dc01d46ad', 'DoE_5935bfb5ee', 'DoE_67409bca18', 'DoE_6c393f1706', 'DoE_6d16ba0d47', 'DoE_6de75fe92a', 'DoE_70c24a5cb8', 'DoE_7298747c43', 'DoE_763fc98209', 'DoE_78c892ca86', 'DoE_88621cf65e', 'DoE_89f9a7d062', 'DoE_8c320e88da', 'DoE_a0512eeb5c', 'DoE_a7e380322f', 'DoE_abd3aa14bc', 'DoE_b1a6816041', 'DoE_cf4513bfd7', 'DoE_d9654e5d03', 'DoE_e901c6d24e', 'DoE_f04641b0dd', 'DoE_f05120aba7', 'DoE_f191823512', 'DoE_f1bd44470d', 'DoE_f59b8e4b7b', 'DoE_f63456aec2']}"
provider_89c46fa911,provider,2025-06-18 09:52:34.429679,2025-06-18 09:52:34.429681,"{'attempts': 0, 'last_error': None, 'penalty': 0, 'next_retry': datetime.datetime(2025, 6, 18, 9, 52, 34, 429689)}","{'src_file_path': 'https://iiif-images.lib.ncsu.edu/iiif/2/insidewood-{id}/full/full/0/default.jpg', 'src_ds_rel_path': ['74652', '74654'], 'dest_rel_path': 'set by provider.storer()', 'stored_locally': [0, 0], 'image_data': None}","{'Level1': {'woodType': 'Hardwood'}, 'Level2': {'family': 'Betulaceae', 'genus': 'Alnus'}, 'Level3': {'genus': 'Alnus'}, 'Level4': {'species': 'AlnusFirma', 'engName': 'unknown', 'deName': 'unknown', 'frName': 'unknown', 'japName': 'unknown'}, 'Level5': {'sourceID': 'AlnusFirma_DS11', 'sourceNo': 'DS11'}, 'Level6': {'specimenID': 'AlnusFirma_DS11_No003', 'microscopicTechnic': 'unknown', 'institution': 'North Carolina State University, USA', 'institutionCode': 'NCSU', 'contributor': 'Elisabeth Wheeler', 'citeKey': 'unknown', 'IFAW_code': 'unknown', 'samplingPoint': 'unknown', 'origin': 'unknown'}, 'Level7': {'sampleID': 'AlnusFirma_DS11_No003_TLS_x20.0', 'view': 'TLS', 'lens': 20.0, 'totalNumberShots': 12}, 'dataSet_attrs': {'pixelSize_um_per_pixel': nan, 'DPI': 300.0, 'area_x_mm': nan, 'area_y_mm': nan, 'numericalAperature_NA': nan, 'GPS_Alt': nan, 'GPS_Lat': None, 'GPS_Long': None, 'raw_UUID': 'r_V9P7xb, r_Oa4Dxk'}}",todo,"['DoE_11a97a373f', 'DoE_1cc9f015b0', 'DoE_39c1674f55', 'DoE_67409bca18', 'DoE_6c393f1706', 'DoE_78c892ca86', 'DoE_88621cf65e', 'DoE_89f9a7d062', 'DoE_8c320e88da', 'DoE_b1a6816041', 'DoE_cf4513bfd7', 'DoE_d9654e5d03', 'DoE_e901c6d24e', 'DoE_f05120aba7', 'DoE_f191823512', 'DoE_f1bd44470d']","{'job_uuid': 'provider_89c46fa911', 'job_type': 'provider', 'created': '2025-06-18T09:52:34.429679', 'updated': '2025-06-18T09:52:34.429681', 'retry': {'attempts': 0, 'last_error': None, 'penalty': 0, 'next_retry': '2025-06-18T09:52:34.429689'}, 'input': {'src_file_path': 'https://iiif-images.lib.ncsu.edu/iiif/2/insidewood-{id}/full/full/0/default.jpg', 'src_ds_rel_path': ['74652', '74654'], 'dest_rel_path': 'set by provider.storer()', 'stored_locally': [0, 0], 'image_data': None}, 'attrs': {'Level1': {'woodType': 'Hardwood'}, 'Level2': {'family': 'Betulaceae', 'genus': 'Alnus'}, 'Level3': {'genus': 'Alnus'}, 'Level4': {'species': 'AlnusFirma', 'engName': 'unknown', 'deName': 'unknown', 'frName': 'unknown', 'japName': 'unknown'}, 'Level5': {'sourceID': 'AlnusFirma_DS11', 'sourceNo': 'DS11'}, 'Level6': {'specimenID': 'AlnusFirma_DS11_No003', 'microscopicTechnic': 'unknown', 'institution': 'North Carolina State University, USA', 'institutionCode': 'NCSU', 'contributor': 'Elisabeth Wheeler', 'citeKey': 'unknown', 'IFAW_code': 'unknown', 'samplingPoint': 'unknown', 'origin': 'unknown'}, 'Level7': {'sampleID': 'AlnusFirma_DS11_No003_TLS_x20.0', 'view': 'TLS', 'lens': 20.0, 'totalNumberShots': 12}, 'dataSet_attrs': {'pixelSize_um_per_pixel': nan, 'DPI': 300.0, 'area_x_mm': nan, 'area_y_mm': nan, 'numericalAperature_NA': nan, 'GPS_Alt': nan, 'GPS_Lat': None, 'GPS_Long': None, 'raw_UUID': 'r_V9P7xb, r_Oa4Dxk'}}, 'status': 'todo', 'og_job_uuids': ['DoE_11a97a373f', 'DoE_1cc9f015b0', 'DoE_39c1674f55', 'DoE_67409bca18', 'DoE_6c393f1706', 'DoE_78c892ca86', 'DoE_88621cf65e', 'DoE_89f9a7d062', 'DoE_8c320e88da', 'DoE_b1a6816041', 'DoE_cf4513bfd7', 'DoE_d9654e5d03', 'DoE_e901c6d24e', 'DoE_f05120aba7', 'DoE_f191823512', 'DoE_f1bd44470d']}"
provider_bd49cbfdfc,provider,2025-06-18 09:52:34.431199,2025-06-18 09:52:34.431200,"{'attempts': 0, 'last_error': None, 'penalty': 0, 'next_retry': datetime.datetime(2025, 6, 18, 9, 52, 34, 431207)}","{'src_file_path': 'https://iiif-images.lib.ncsu.edu/iiif/2/insidewood-{id}/full/full/0/default.jpg', 'src_ds_rel_path': ['74650'], 'dest_rel_path': 'set by provider.storer()', 'stored_locally': [0], 'image_data': None}","{'Level1': {'woodType': 'Hardwood'}, 'Level2': {'family': 'Betulaceae', 'genus': 'Alnus'}, 'Level3': {'genus': 'Alnus'}, 'Level4': {'species': 'AlnusFirma', 'engName': 'unknown', 'deName': 'unknown', 'frName': 'unknown', 'japName': 'unknown'}, 'Level5': {'sourceID': 'AlnusFirma_DS11', 'sourceNo': 'DS11'}, 'Level6': {'specimenID': 'AlnusFirma_DS11_No003', 'microscopicTechnic': 'unknown', 'institution': 'North Carolina State University, USA', 'institutionCode': 'NCSU', 'contributor': 'Elisabeth Wheeler', 'citeKey': 'unknown', 'IFAW_code': 'unknown', 'samplingPoint': 'unknown', 'origin': 'unknown'}, 'Level7': {'sampleID': 'AlnusFirma_DS11_No003_TLS_x4.0', 'view': 'TLS', 'lens': 4.0, 'totalNumberShots': 12}, 'dataSet_attrs': {'pixelSize_um_per_pixel': nan, 'DPI': 300.0, 'area_x_mm': nan, 'area_y_mm': nan, 'numericalAperature_NA': nan, 'GPS_Alt': nan, 'GPS_Lat': None, 'GPS_Long': None, 'raw_UUID': 'r_PDy2ym'}}",todo,"['DoE_11a97a373f', 'DoE_1cc9f015b0', 'DoE_39c1674f55', 'DoE_67409bca18', 'DoE_6c393f1706', 'DoE_78c892ca86', 'DoE_88621cf65e', 'DoE_89f9a7d062', 'DoE_8c320e88da', 'DoE_b1a6816041', 'DoE_cf4513bfd7', 'DoE_d9654e5d03', 'DoE_e901c6d24e', 'DoE_f05120aba7', 'DoE_f191823512', 'DoE_f1bd44470d']","{'job_uuid': 'provider_bd49cbfdfc', 'job_type': 'provider', 'created': '2025-06-18T09:52:34.431199', 'updated': '2025-06-18T09:52:34.431200', 'retry': {'attempts': 0, 'last_error': None, 'penalty': 0, 'next_retry': '2025-06-18T09:52:34.431207'}, 'input': {'src_file_path': 'https://iiif-images.lib.ncsu.edu/iiif/2/insidewood-{id}/full/full/0/default.jpg', 'src_ds_rel_path': ['74650'], 'dest_rel_path': 'set by provider.storer()', 'stored_locally': [0], 'image_data': None}, 'attrs': {'Level1': {'woodType': 'Hardwood'}, 'Level2': {'family': 'Betulaceae', 'genus': 'Alnus'}, 'Level3': {'genus': 'Alnus'}, 'Level4': {'species': 'AlnusFirma', 'engName': 'unknown', 'deName': 'unknown', 'frName': 'unknown', 'japName': 'unknown'}, 'Level5': {'sourceID': 'AlnusFirma_DS11', 'sourceNo': 'DS11'}, 'Level6': {'specimenID': 'AlnusFirma_DS11_No003', 'microscopicTechnic': 'unknown', 'institution': 'North Carolina State University, USA', 'institutionCode': 'NCSU', 'contributor': 'Elisabeth Wheeler', 'citeKey': 'unknown', 'IFAW_code': 'unknown', 'samplingPoint': 'unknown', 'origin': 'unknown'}, 'Level7': {'sampleID': 'AlnusFirma_DS11_No003_TLS_x4.0', 'view': 'TLS', 'lens': 4.0, 'totalNumberShots': 12}, 'dataSet_attrs': {'pixelSize_um_per_pixel': nan, 'DPI': 300.0, 'area_x_mm': nan, 'area_y_mm': nan, 'numericalAperature_NA': nan, 'GPS_Alt': nan, 'GPS_Lat': None, 'GPS_Long': None, 'raw_UUID': 'r_PDy2ym'}}, 'status': 'todo', 'og_job_uuids': ['DoE_11a97a373f', 'DoE_1cc9f015b0', 'DoE_39c1674f55', 'DoE_67409bca18', 'DoE_6c393f1706', 'DoE_78c892ca86', 'DoE_88621cf65e', 'DoE_89f9a7d062', 'DoE_8c320e88da', 'DoE_b1a6816041', 'DoE_cf4513bfd7', 'DoE_d9654e5d03', 'DoE_e901c6d24e', 'DoE_f05120aba7', 'DoE_f191823512', 'DoE_f1bd44470d']}"
provider_deae21f806,provider,2025-06-18 09:52:34.432632,2025-06-18 09:52:34.432634,"{'attempts': 0, 'last_error': None, 'penalty': 0, 'next_retry': datetime.datetime(2025, 6, 18, 9, 52, 34, 432641)}","{'src_file_path': 'https://iiif-images.lib.ncsu.edu/iiif/2/insidewood-{id}/full/full/0/default.jpg', 'src_ds_rel_path': ['74657', '74658'], 'dest_rel_path': 'set by provider.storer()', 'stored_locally': [0, 0], 'image_data': None}","{'Level1': {'woodType': 'Hardwood'}, 'Level2': {'family': 'Betulaceae', 'genus': 'Alnus'}, 'Level3': {'genus': 'Alnus'}, 'Level4': {'species': 'AlnusFirma', 'engName': 'unknown', 'deName': 'unknown', 'frName': 'unknown', 'japName': 'unknown'}, 'Level5': {'sourceID': 'AlnusFirma_DS11', 'sourceNo': 'DS11'}, 'Level6': {'specimenID': 'AlnusFirma_DS11_No003', 'microscopicTechnic': 'unknown', 'institution': 'North Carolina State University, USA', 'institutionCode': 'NCSU', 'contributor': 'Elisabeth Wheeler', 'citeKey': 'unknown', 'IFAW_code': 'unknown', 'samplingPoint': 'unknown', 'origin': 'unknown'}, 'Level7': {'sampleID': 'AlnusFirma_DS11_No003_TS_x10.0', 'view': 'TS', 'lens': 10.0, 'totalNumberShots': 12}, 'dataSet_attrs': {'pixelSize_um_per_pixel': nan, 'DPI': 300.0, 'area_x_mm': nan, 'area_y_mm': nan, 'numericalAperature_NA': nan, 'GPS_Alt': nan, 'GPS_Lat': None, 'GPS_Long': None, 'raw_UUID': 'r_xOBcXY, r_F21lEg'}}",todo,"['DoE_002d2fe6e9', 'DoE_00b7b85d81', 'DoE_0a1a4f3e8a', 'DoE_0e50e81315', 'DoE_10fe7b512b', 'DoE_130f17b10d', 'DoE_19614e62bc', 'DoE_1b82105c71', 'DoE_1db9cf1267', 'DoE_42e54880a3', 'DoE_4a3da4e6cb', 'DoE_5cb370f680', 'DoE_7802211904', 'DoE_79909b8fed', 'DoE_7a08601d34', 'DoE_7d5ca56ae4', 'DoE_81b200435f', 'DoE_833e96412a', 'DoE_83ce88eb81', 'DoE_87186c75eb', 'DoE_87a7fb8c65', 'DoE_95d484e4c1', 'DoE_9f2e67de20', 'DoE_b1a9c369ca', 'DoE_d6bf98b364', 'DoE_d6e8464712', 'DoE_d8bc1d20b1', 'DoE_e6e4a65353', 'DoE_ef63c233fd', 'DoE_f2a6d81fb9', 'DoE_fb14525cc5', 'DoE_ffb0f643b4']","{'job_uuid': 'provider_deae21f806', 'job_type': 'provider', 'created': '2025-06-18T09:52:34.432632', 'updated': '2025-06-18T09:52:34.432634', 'retry': {'attempts': 0, 'last_error': None, 'penalty': 0, 'next_retry': '2025-06-18T09:52:34.432641'}, 'input': {'src_file_path': 'https://iiif-images.lib.ncsu.edu/iiif/2/insidewood-{id}/full/full/0/default.jpg', 'src_ds_rel_path': ['74657', '74658'], 'dest_rel_path': 'set by provider.storer()', 'stored_locally': [0, 0], 'image_data': None}, 'attrs': {'Level1': {'woodType': 'Hardwood'}, 'Level2': {'family': 'Betulaceae', 'genus': 'Alnus'}, 'Level3': {'genus': 'Alnus'}, 'Level4': {'species': 'AlnusFirma', 'engName': 'unknown', 'deName': 'unknown', 'frName': 'unknown', 'japName': 'unknown'}, 'Level5': {'sourceID': 'AlnusFirma_DS11', 'sourceNo': 'DS11'}, 'Level6': {'specimenID': 'AlnusFirma_DS11_No003', 'microscopicTechnic': 'unknown', 'institution': 'North Carolina State University, USA', 'institutionCode': 'NCSU', 'contributor': 'Elisabeth Wheeler', 'citeKey': 'unknown', 'IFAW_code': 'unknown', 'samplingPoint': 'unknown', 'origin': 'unknown'}, 'Level7': {'sampleID': 'AlnusFirma_DS11_No003_TS_x10.0', 'view': 'TS', 'lens': 10.0, 'totalNumberShots': 12}, 'dataSet_attrs': {'pixelSize_um_per_pixel': nan, 'DPI': 300.0, 'area_x_mm': nan, 'area_y_mm': nan, 'numericalAperature_NA': nan, 'GPS_Alt': nan, 'GPS_Lat': None, 'GPS_Long': None, 'raw_UUID': 'r_xOBcXY, r_F21lEg'}}, 'status': 'todo', 'og_job_uuids': ['DoE_002d2fe6e9', 'DoE_00b7b85d81', 'DoE_0a1a4f3e8a', 'DoE_0e50e81315', 'DoE_10fe7b512b', 'DoE_130f17b10d', 'DoE_19614e62bc', 'DoE_1b82105c71', 'DoE_1db9cf1267', 'DoE_42e54880a3', 'DoE_4a3da4e6cb', 'DoE_5cb370f680', 'DoE_7802211904', 'DoE_79909b8fed', 'DoE_7a08601d34', 'DoE_7d5ca56ae4', 'DoE_81b200435f', 'DoE_833e96412a', 'DoE_83ce88eb81', 'DoE_87186c75eb', 'DoE_87a7fb8c65', 'DoE_95d484e4c1', 'DoE_9f2e67de20', 'DoE_b1a9c369ca', 'DoE_d6bf98b364', 'DoE_d6e8464712', 'DoE_d8bc1d20b1', 'DoE_e6e4a65353', 'DoE_ef63c233fd', 'DoE_f2a6d81fb9', 'DoE_fb14525cc5', 'DoE_ffb0f643b4']}"
provider_64bb43ca1c,provider,2025-06-18 09:52:34.434164,2025-06-18 09:52:34.434165,"{'attempts': 0, 'last_error': None, 'penalty': 0, 'next_retry': datetime.datetime(2025, 6, 18, 9, 52, 34, 434172)}","{'src_file_path': 'https://iiif-images.lib.ncsu.edu/iiif/2/insidewood-{id}/full/full/0/default.jpg', 'src_ds_rel_path': ['74655'], 'dest_rel_path': 'set by provider.storer()', 'stored_locally': [0], 'image_data': None}","{'Level1': {'woodType': 'Hardwood'}, 'Level2': {'family': 'Betulaceae', 'genus': 'Alnus'}, 'Level3': {'genus': 'Alnus'}, 'Level4': {'species': 'AlnusFirma', 'engName': 'unknown', 'deName': 'unknown', 'frName': 'unknown', 'japName': 'unknown'}, 'Level5': {'sourceID': 'AlnusFirma_DS11', 'sourceNo': 'DS11'}, 'Level6': {'specimenID': 'AlnusFirma_DS11_No003', 'microscopicTechnic': 'unknown', 'institution': 'North Carolina State University, USA', 'institutionCode': 'NCSU', 'contributor': 'Elisabeth Wheeler', 'citeKey': 'unknown', 'IFAW_code': 'unknown', 'samplingPoint': 'unknown', 'origin': 'unknown'}, 'Level7': {'sampleID': 'AlnusFirma_DS11_No003_TS_x2.0', 'view': 'TS', 'lens': 2.0, 'totalNumberShots': 12}, 'dataSet_attrs': {'pixelSize_um_per_pixel': nan, 'DPI': 300.0, 'area_x_mm': nan, 'area_y_mm': nan, 'numericalAperature_NA': nan, 'GPS_Alt': nan, 'GPS_Lat': None, 'GPS_Long': None, 'raw_UUID': 'r_6d0Ofn'}}",todo,"['DoE_002d2fe6e9', 'DoE_00b7b85d81', 'DoE_0a1a4f3e8a', 'DoE_10fe7b512b', 'DoE_130f17b10d', 'DoE_19614e62bc', 'DoE_1db9cf1267', 'DoE_4a3da4e6cb', 'DoE_5cb370f680', 'DoE_7802211904', 'DoE_7a08601d34', 'DoE_833e96412a', 'DoE_9f2e67de20', 'DoE_d6e8464712', 'DoE_ef63c233fd', 'DoE_ffb0f643b4']","{'job_uuid': 'provider_64bb43ca1c', 'job_type': 'provider', 'created': '2025-06-18T09:52:34.434164', 'updated': '2025-06-18T09:52:34.434165', 'retry': {'attempts': 0, 'last_error': None, 'penalty': 0, 'next_retry': '2025-06-18T09:52:34.434172'}, 'input': {'src_file_path': 'https://iiif-images.lib.ncsu.edu/iiif/2/insidewood-{id}/full/full/0/default.jpg', 'src_ds_rel_path': ['74655'], 'dest_rel_path': 'set by provider.storer()', 'stored_locally': [0], 'image_data': None}, 'attrs': {'Level1': {'woodType': 'Hardwood'}, 'Level2': {'family': 'Betulaceae', 'genus': 'Alnus'}, 'Level3': {'genus': 'Alnus'}, 'Level4': {'species': 'AlnusFirma', 'engName': 'unknown', 'deName': 'unknown', 'frName': 'unknown', 'japName': 'unknown'}, 'Level5': {'sourceID': 'AlnusFirma_DS11', 'sourceNo': 'DS11'}, 'Level6': {'specimenID': 'AlnusFirma_DS11_No003', 'microscopicTechnic': 'unknown', 'institution': 'North Carolina State University, USA', 'institutionCode': 'NCSU', 'contributor': 'Elisabeth Wheeler', 'citeKey': 'unknown', 'IFAW_code': 'unknown', 'samplingPoint': 'unknown', 'origin': 'unknown'}, 'Level7': {'sampleID': 'AlnusFirma_DS11_No003_TS_x2.0', 'view': 'TS', 'lens': 2.0, 'totalNumberShots': 12}, 'dataSet_attrs': {'pixelSize_um_per_pixel': nan, 'DPI': 300.0, 'area_x_mm': nan, 'area_y_mm': nan, 'numericalAperature_NA': nan, 'GPS_Alt': nan, 'GPS_Lat': None, 'GPS_Long': None, 'raw_UUID': 'r_6d0Ofn'}}, 'status': 'todo', 'og_job_uuids': ['DoE_002d2fe6e9', 'DoE_00b7b85d81', 'DoE_0a1a4f3e8a', 'DoE_10fe7b512b', 'DoE_130f17b10d', 'DoE_19614e62bc', 'DoE_1db9cf1267', 'DoE_4a3da4e6cb', 'DoE_5cb370f680', 'DoE_7802211904', 'DoE_7a08601d34', 'DoE_833e96412a', 'DoE_9f2e67de20', 'DoE_d6e8464712', 'DoE_ef63c233fd', 'DoE_ffb0f643b4']}"
provider_ef77807abe,provider,2025-06-18 09:52:34.435595,2025-06-18 09:52:34.435597,"{'attempts': 0, 'last_error': None, 'penalty': 0, 'next_retry': datetime.datetime(2025, 6, 18, 9, 52, 34, 435603)}","{'src_file_path': 'https://iiif-images.lib.ncsu.edu/iiif/2/insidewood-{id}/full/full/0/default.jpg', 'src_ds_rel_path': ['74656'], 'dest_rel_path': 'set by provider.storer()', 'stored_locally': [0], 'image_data': None}","{'Level1': {'woodType': 'Hardwood'}, 'Level2': {'family': 'Betulaceae', 'genus': 'Alnus'}, 'Level3': {'genus': 'Alnus'}, 'Level4': {'species': 'AlnusFirma', 'engName': 'unknown', 'deName': 'unknown', 'frName': 'unknown', 'japName': 'unknown'}, 'Level5': {'sourceID': 'AlnusFirma_DS11', 'sourceNo': 'DS11'}, 'Level6': {'specimenID': 'AlnusFirma_DS11_No003', 'microscopicTechnic': 'unknown', 'institution': 'North Carolina State University, USA', 'institutionCode': 'NCSU', 'contributor': 'Elisabeth Wheeler', 'citeKey': 'unknown', 'IFAW_code': 'unknown', 'samplingPoint': 'unknown', 'origin': 'unknown'}, 'Level7': {'sampleID': 'AlnusFirma_DS11_No003_TS_x4.0', 'view': 'TS', 'lens': 4.0, 'totalNumberShots': 12}, 'dataSet_attrs': {'pixelSize_um_per_pixel': nan, 'DPI': 300.0, 'area_x_mm': nan, 'area_y_mm': nan, 'numericalAperature_NA': nan, 'GPS_Alt': nan, 'GPS_Lat': None, 'GPS_Long': None, 'raw_UUID': 'r_14nyGr'}}",todo,"['DoE_002d2fe6e9', 'DoE_00b7b85d81', 'DoE_0a1a4f3e8a', 'DoE_10fe7b512b', 'DoE_130f17b10d', 'DoE_19614e62bc', 'DoE_1db9cf1267', 'DoE_4a3da4e6cb', 'DoE_5cb370f680', 'DoE_7802211904', 'DoE_7a08601d34', 'DoE_833e96412a', 'DoE_9f2e67de20', 'DoE_d6e8464712', 'DoE_ef63c233fd', 'DoE_ffb0f643b4']","{'job_uuid': 'provider_ef77807abe', 'job_type': 'provider', 'created': '2025-06-18T09:52:34.435595', 'updated': '2025-06-18T09:52:34.435597', 'retry': {'attempts': 0, 'last_error': None, 'penalty': 0, 'next_retry': '2025-06-18T09:52:34.435603'}, 'input': {'src_file_path': 'https://iiif-images.lib.ncsu.edu/iiif/2/insidewood-{id}/full/full/0/default.jpg', 'src_ds_rel_path': ['74656'], 'dest_rel_path': 'set by provider.storer()', 'stored_locally': [0], 'image_data': None}, 'attrs': {'Level1': {'woodType': 'Hardwood'}, 'Level2': {'family': 'Betulaceae', 'genus': 'Alnus'}, 'Level3': {'genus': 'Alnus'}, 'Level4': {'species': 'AlnusFirma', 'engName': 'unknown', 'deName': 'unknown', 'frName': 'unknown', 'japName': 'unknown'}, 'Level5': {'sourceID': 'AlnusFirma_DS11', 'sourceNo': 'DS11'}, 'Level6': {'specimenID': 'AlnusFirma_DS11_No003', 'microscopicTechnic': 'unknown', 'institution': 'North Carolina State University, USA', 'institutionCode': 'NCSU', 'contributor': 'Elisabeth Wheeler', 'citeKey': 'unknown', 'IFAW_code': 'unknown', 'samplingPoint': 'unknown', 'origin': 'unknown'}, 'Level7': {'sampleID': 'AlnusFirma_DS11_No003_TS_x4.0', 'view': 'TS', 'lens': 4.0, 'totalNumberShots': 12}, 'dataSet_attrs': {'pixelSize_um_per_pixel': nan, 'DPI': 300.0, 'area_x_mm': nan, 'area_y_mm': nan, 'numericalAperature_NA': nan, 'GPS_Alt': nan, 'GPS_Lat': None, 'GPS_Long': None, 'raw_UUID': 'r_14nyGr'}}, 'status': 'todo', 'og_job_uuids': ['DoE_002d2fe6e9', 'DoE_00b7b85d81', 'DoE_0a1a4f3e8a', 'DoE_10fe7b512b', 'DoE_130f17b10d', 'DoE_19614e62bc', 'DoE_1db9cf1267', 'DoE_4a3da4e6cb', 'DoE_5cb370f680', 'DoE_7802211904', 'DoE_7a08601d34', 'DoE_833e96412a', 'DoE_9f2e67de20', 'DoE_d6e8464712', 'DoE_ef63c233fd', 'DoE_ffb0f643b4']}"
provider_ca67487723,provider,2025-06-18 09:52:34.437495,2025-06-18 09:52:34.437497,"{'attempts': 0, 'last_error': None, 'penalty': 0, 'next_retry': datetime.datetime(2025, 6, 18, 9, 52, 34, 437504)}","{'src_file_path': 'https://iiif-images.lib.ncsu.edu/iiif/2/insidewood-{id}/full/full/0/default.jpg', 'src_ds_rel_path': ['74661', '74663'], 'dest_rel_path': 'set by provider.storer()', 'stored_locally': [0, 0], 'image_data': None}","{'Level1': {'woodType': 'Hardwood'}, 'Level2': {'family': 'Betulaceae', 'genus': 'Alnus'}, 'Level3': {'genus': 'Alnus'}, 'Level4': {'species': 'AlnusFirma', 'engName': 'unknown', 'deName': 'unknown', 'frName': 'unknown', 'japName': 'unknown'}, 'Level5': {'sourceID': 'AlnusFirma_DS11', 'sourceNo': 'DS11'}, 'Level6': {'specimenID': 'AlnusFirma_DS11_No004', 'microscopicTechnic': 'unknown', 'institution': 'North Carolina State University, USA', 'institutionCode': 'NCSU', 'contributor': 'Elisabeth Wheeler', 'citeKey': 'unknown', 'IFAW_code': 'unknown', 'samplingPoint': 'unknown', 'origin': 'unknown'}, 'Level7': {'sampleID': 'AlnusFirma_DS11_No004_TLS_x10.0', 'view': 'TLS', 'lens': 10.0, 'totalNumberShots': 9}, 'dataSet_attrs': {'pixelSize_um_per_pixel': nan, 'DPI': 300.0, 'area_x_mm': nan, 'area_y_mm': nan, 'numericalAperature_NA': nan, 'GPS_Alt': nan, 'GPS_Lat': None, 'GPS_Long': None, 'raw_UUID': 'r_6y15Ff, r_vlxLnz'}}",todo,"['DoE_11a97a373f', 'DoE_158c6b5f76', 'DoE_18ec276ecf', 'DoE_1cc9f015b0', 'DoE_1f6ea335fe', 'DoE_39c1674f55', 'DoE_4dc01d46ad', 'DoE_5935bfb5ee', 'DoE_67409bca18', 'DoE_6c393f1706', 'DoE_6d16ba0d47', 'DoE_6de75fe92a', 'DoE_70c24a5cb8', 'DoE_7298747c43', 'DoE_763fc98209', 'DoE_78c892ca86', 'DoE_88621cf65e', 'DoE_89f9a7d062', 'DoE_8c320e88da', 'DoE_a0512eeb5c', 'DoE_a7e380322f', 'DoE_abd3aa14bc', 'DoE_b1a6816041', 'DoE_cf4513bfd7', 'DoE_d9654e5d03', 'DoE_e901c6d24e', 'DoE_f04641b0dd', 'DoE_f05120aba7', 'DoE_f191823512', 'DoE_f1bd44470d', 'DoE_f59b8e4b7b', 'DoE_f63456aec2']","{'job_uuid': 'provider_ca67487723', 'job_type': 'provider', 'created': '2025-06-18T09:52:34.437495', 'updated': '2025-06-18T09:52:34.437497', 'retry': {'attempts': 0, 'last_error': None, 'penalty': 0, 'next_retry': '2025-06-18T09:52:34.437504'}, 'input': {'src_file_path': 'https://iiif-images.lib.ncsu.edu/iiif/2/insidewood-{id}/full/full/0/default.jpg', 'src_ds_rel_path': ['74661', '74663'], 'dest_rel_path': 'set by provider.storer()', 'stored_locally': [0, 0], 'image_data': None}, 'attrs': {'Level1': {'woodType': 'Hardwood'}, 'Level2': {'family': 'Betulaceae', 'genus': 'Alnus'}, 'Level3': {'genus': 'Alnus'}, 'Level4': {'species': 'AlnusFirma', 'engName': 'unknown', 'deName': 'unknown', 'frName': 'unknown', 'japName': 'unknown'}, 'Level5': {'sourceID': 'AlnusFirma_DS11', 'sourceNo': 'DS11'}, 'Level6': {'specimenID': 'AlnusFirma_DS11_No004', 'microscopicTechnic': 'unknown', 'institution': 'North Carolina State University, USA', 'institutionCode': 'NCSU', 'contributor': 'Elisabeth Wheeler', 'citeKey': 'unknown', 'IFAW_code': 'unknown', 'samplingPoint': 'unknown', 'origin': 'unknown'}, 'Level7': {'sampleID': 'AlnusFirma_DS11_No004_TLS_x10.0', 'view': 'TLS', 'lens': 10.0, 'totalNumberShots': 9}, 'dataSet_attrs': {'pixelSize_um_per_pixel': nan, 'DPI': 300.0, 'area_x_mm': nan, 'area_y_mm': nan, 'numericalAperature_NA': nan, 'GPS_Alt': nan, 'GPS_Lat': None, 'GPS_Long': None, 'raw_UUID': 'r_6y15Ff, r_vlxLnz'}}, 'status': 'todo', 'og_job_uuids': ['DoE_11a97a373f', 'DoE_158c6b5f76', 'DoE_18ec276ecf', 'DoE_1cc9f015b0', 'DoE_1f6ea335fe', 'DoE_39c1674f55', 'DoE_4dc01d46ad', 'DoE_5935bfb5ee', 'DoE_67409bca18', 'DoE_6c393f1706', 'DoE_6d16ba0d47', 'DoE_6de75fe92a', 'DoE_70c24a5cb8', 'DoE_7298747c43', 'DoE_763fc98209', 'DoE_78c892ca86', 'DoE_88621cf65e', 'DoE_89f9a7d062', 'DoE_8c320e88da', 'DoE_a0512eeb5c', 'DoE_a7e380322f', 'DoE_abd3aa14bc', 'DoE_b1a6816041', 'DoE_cf4513bfd7', 'DoE_d9654e5d03', 'DoE_e901c6d24e', 'DoE_f04641b0dd', 'DoE_f05120aba7', 'DoE_f191823512', 'DoE_f1bd44470d', 'DoE_f59b8e4b7b', 'DoE_f63456aec2']}"
provider_2adbb10ae6,provider,2025-06-18 09:52:34.438943,2025-06-18 09:52:34.438944,"{'attempts': 0, 'last_error': None, 'penalty': 0, 'next_retry': datetime.datetime(2025, 6, 18, 9, 52, 34, 438951)}","{'src_file_path': 'https://iiif-images.lib.ncsu.edu/iiif/2/insidewood-{id}/full/full/0/default.jpg', 'src_ds_rel_path': ['74662'], 'dest_rel_path': 'set by provider.storer()', 'stored_locally': [0], 'image_data': None}","{'Level1': {'woodType': 'Hardwood'}, 'Level2': {'family': 'Betulaceae', 'genus': 'Alnus'}, 'Level3': {'genus': 'Alnus'}, 'Level4': {'species': 'AlnusFirma', 'engName': 'unknown', 'deName': 'unknown', 'frName': 'unknown', 'japName': 'unknown'}, 'Level5': {'sourceID': 'AlnusFirma_DS11', 'sourceNo': 'DS11'}, 'Level6': {'specimenID': 'AlnusFirma_DS11_No004', 'microscopicTechnic': 'unknown', 'institution': 'North Carolina State University, USA', 'institutionCode': 'NCSU', 'contributor': 'Elisabeth Wheeler', 'citeKey': 'unknown', 'IFAW_code': 'unknown', 'samplingPoint': 'unknown', 'origin': 'unknown'}, 'Level7': {'sampleID': 'AlnusFirma_DS11_No004_TLS_x20.0', 'view': 'TLS', 'lens': 20.0, 'totalNumberShots': 9}, 'dataSet_attrs': {'pixelSize_um_per_pixel': nan, 'DPI': 300.0, 'area_x_mm': nan, 'area_y_mm': nan, 'numericalAperature_NA': nan, 'GPS_Alt': nan, 'GPS_Lat': None, 'GPS_Long': None, 'raw_UUID': 'r_VYfC1w'}}",todo,"['DoE_11a97a373f', 'DoE_1cc9f015b0', 'DoE_39c1674f55', 'DoE_67409bca18', 'DoE_6c393f1706', 'DoE_78c892ca86', 'DoE_88621cf65e', 'DoE_89f9a7d062', 'DoE_8c320e88da', 'DoE_b1a6816041', 'DoE_cf4513bfd7', 'DoE_d9654e5d03', 'DoE_e901c6d24e', 'DoE_f05120aba7', 'DoE_f191823512', 'DoE_f1bd44470d']","{'job_uuid': 'provider_2adbb10ae6', 'job_type': 'provider', 'created': '2025-06-18T09:52:34.438943', 'updated': '2025-06-18T09:52:34.438944', 'retry': {'attempts': 0, 'last_error': None, 'penalty': 0, 'next_retry': '2025-06-18T09:52:34.438951'}, 'input': {'src_file_path': 'https://iiif-images.lib.ncsu.edu/iiif/2/insidewood-{id}/full/full/0/default.jpg', 'src_ds_rel_path': ['74662'], 'dest_rel_path': 'set by provider.storer()', 'stored_locally': [0], 'image_data': None}, 'attrs': {'Level1': {'woodType': 'Hardwood'}, 'Level2': {'family': 'Betulaceae', 'genus': 'Alnus'}, 'Level3': {'genus': 'Alnus'}, 'Level4': {'species': 'AlnusFirma', 'engName': 'unknown', 'deName': 'unknown', 'frName': 'unknown', 'japName': 'unknown'}, 'Level5': {'sourceID': 'AlnusFirma_DS11', 'sourceNo': 'DS11'}, 'Level6': {'specimenID': 'AlnusFirma_DS11_No004', 'microscopicTechnic': 'unknown', 'institution': 'North Carolina State University, USA', 'institutionCode': 'NCSU', 'contributor': 'Elisabeth Wheeler', 'citeKey': 'unknown', 'IFAW_code': 'unknown', 'samplingPoint': 'unknown', 'origin': 'unknown'}, 'Level7': {'sampleID': 'AlnusFirma_DS11_No004_TLS_x20.0', 'view': 'TLS', 'lens': 20.0, 'totalNumberShots': 9}, 'dataSet_attrs': {'pixelSize_um_per_pixel': nan, 'DPI': 300.0, 'area_x_mm': nan, 'area_y_mm': nan, 'numericalAperature_NA': nan, 'GPS_Alt': nan, 'GPS_Lat': None, 'GPS_Long': None, 'raw_UUID': 'r_VYfC1w'}}, 'status': 'todo', 'og_job_uuids': ['DoE_11a97a373f', 'DoE_1cc9f015b0', 'DoE_39c1674f55', 'DoE_67409bca18', 'DoE_6c393f1706', 'DoE_78c892ca86', 'DoE_88621cf65e', 'DoE_89f9a7d062', 'DoE_8c320e88da', 'DoE_b1a6816041', 'DoE_cf4513bfd7', 'DoE_d9654e5d03', 'DoE_e901c6d24e', 'DoE_f05120aba7', 'DoE_f191823512', 'DoE_f1bd44470d']}"
provider_9b551e2beb,provider,2025-06-18 09:52:34.440427,2025-06-18 09:52:34.440428,"{'attempts': 0, 'last_error': None, 'penalty': 0, 'next_retry': datetime.datetime(2025, 6, 18, 9, 52, 34, 440435)}","{'src_file_path': 'https://iiif-images.lib.ncsu.edu/iiif/2/insidewood-{id}/full/full/0/default.jpg', 'src_ds_rel_path': ['74660'], 'dest_rel_path': 'set by provider.storer()', 'stored_locally': [0], 'image_data': None}","{'Level1': {'woodType': 'Hardwood'}, 'Level2': {'family': 'Betulaceae', 'genus': 'Alnus'}, 'Level3': {'genus': 'Alnus'}, 'Level4': {'species': 'AlnusFirma', 'engName': 'unknown', 'deName': 'unknown', 'frName': 'unknown', 'japName': 'unknown'}, 'Level5': {'sourceID': 'AlnusFirma_DS11', 'sourceNo': 'DS11'}, 'Level6': {'specimenID': 'AlnusFirma_DS11_No004', 'microscopicTechnic': 'unknown', 'institution': 'North Carolina State University, USA', 'institutionCode': 'NCSU', 'contributor': 'Elisabeth Wheeler', 'citeKey': 'unknown', 'IFAW_code': 'unknown', 'samplingPoint': 'unknown', 'origin': 'unknown'}, 'Level7': {'sampleID': 'AlnusFirma_DS11_No004_TLS_x4.0', 'view': 'TLS', 'lens': 4.0, 'totalNumberShots': 9}, 'dataSet_attrs': {'pixelSize_um_per_pixel': nan, 'DPI': 300.0, 'area_x_mm': nan, 'area_y_mm': nan, 'numericalAperature_NA': nan, 'GPS_Alt': nan, 'GPS_Lat': None, 'GPS_Long': None, 'raw_UUID': 'r_D7ycBJ'}}",todo,"['DoE_11a97a373f', 'DoE_1cc9f015b0', 'DoE_39c1674f55', 'DoE_67409bca18', 'DoE_6c393f1706', 'DoE_78c892ca86', 'DoE_88621cf65e', 'DoE_89f9a7d062', 'DoE_8c320e88da', 'DoE_b1a6816041', 'DoE_cf4513bfd7', 'DoE_d9654e5d03', 'DoE_e901c6d24e', 'DoE_f05120aba7', 'DoE_f191823512', 'DoE_f1bd44470d']","{'job_uuid': 'provider_9b551e2beb', 'job_type': 'provider', 'created': '2025-06-18T09:52:34.440427', 'updated': '2025-06-18T09:52:34.440428', 'retry': {'attempts': 0, 'last_error': None, 'penalty': 0, 'next_retry': '2025-06-18T09:52:34.440435'}, 'input': {'src_file_path': 'https://iiif-images.lib.ncsu.edu/iiif/2/insidewood-{id}/full/full/0/default.jpg', 'src_ds_rel_path': ['74660'], 'dest_rel_path': 'set by provider.storer()', 'stored_locally': [0], 'image_data': None}, 'attrs': {'Level1': {'woodType': 'Hardwood'}, 'Level2': {'family': 'Betulaceae', 'genus': 'Alnus'}, 'Level3': {'genus': 'Alnus'}, 'Level4': {'species': 'AlnusFirma', 'engName': 'unknown', 'deName': 'unknown', 'frName': 'unknown', 'japName': 'unknown'}, 'Level5': {'sourceID': 'AlnusFirma_DS11', 'sourceNo': 'DS11'}, 'Level6': {'specimenID': 'AlnusFirma_DS11_No004', 'microscopicTechnic': 'unknown', 'institution': 'North Carolina State University, USA', 'institutionCode': 'NCSU', 'contributor': 'Elisabeth Wheeler', 'citeKey': 'unknown', 'IFAW_code': 'unknown', 'samplingPoint': 'unknown', 'origin': 'unknown'}, 'Level7': {'sampleID': 'AlnusFirma_DS11_No004_TLS_x4.0', 'view': 'TLS', 'lens': 4.0, 'totalNumberShots': 9}, 'dataSet_attrs': {'pixelSize_um_per_pixel': nan, 'DPI': 300.0, 'area_x_mm': nan, 'area_y_mm': nan, 'numericalAperature_NA': nan, 'GPS_Alt': nan, 'GPS_Lat': None, 'GPS_Long': None, 'raw_UUID': 'r_D7ycBJ'}}, 'status': 'todo', 'og_job_uuids': ['DoE_11a97a373f', 'DoE_1cc9f015b0', 'DoE_39c1674f55', 'DoE_67409bca18', 'DoE_6c393f1706', 'DoE_78c892ca86', 'DoE_88621cf65e', 'DoE_89f9a7d062', 'DoE_8c320e88da', 'DoE_b1a6816041', 'DoE_cf4513bfd7', 'DoE_d9654e5d03', 'DoE_e901c6d24e', 'DoE_f05120aba7', 'DoE_f191823512', 'DoE_f1bd44470d']}"
provider_5b95854a25,provider,2025-06-18 09:52:34.441844,2025-06-18 09:52:34.441846,"{'attempts': 0, 'last_error': None, 'penalty': 0, 'next_retry': datetime.datetime(2025, 6, 18, 9, 52, 34, 441854)}","{'src_file_path': 'https://iiif-images.lib.ncsu.edu/iiif/2/insidewood-{id}/full/full/0/default.jpg', 'src_ds_rel_path': ['74666'], 'dest_rel_path': 'set by provider.storer()', 'stored_locally': [0], 'image_data': None}","{'Level1': {'woodType': 'Hardwood'}, 'Level2': {'family': 'Betulaceae', 'genus': 'Alnus'}, 'Level3': {'genus': 'Alnus'}, 'Level4': {'species': 'AlnusFirma', 'engName': 'unknown', 'deName': 'unknown', 'frName': 'unknown', 'japName': 'unknown'}, 'Level5': {'sourceID': 'AlnusFirma_DS11', 'sourceNo': 'DS11'}, 'Level6': {'specimenID': 'AlnusFirma_DS11_No004', 'microscopicTechnic': 'unknown', 'institution': 'North Carolina State University, USA', 'institutionCode': 'NCSU', 'contributor': 'Elisabeth Wheeler', 'citeKey': 'unknown', 'IFAW_code': 'unknown', 'samplingPoint': 'unknown', 'origin': 'unknown'}, 'Level7': {'sampleID': 'AlnusFirma_DS11_No004_TS_x10.0', 'view': 'TS', 'lens': 10.0, 'totalNumberShots': 9}, 'dataSet_attrs': {'pixelSize_um_per_pixel': nan, 'DPI': 300.0, 'area_x_mm': nan, 'area_y_mm': nan, 'numericalAperature_NA': nan, 'GPS_Alt': nan, 'GPS_Lat': None, 'GPS_Long': None, 'raw_UUID': 'r_13KCAE'}}",todo,"['DoE_002d2fe6e9', 'DoE_00b7b85d81', 'DoE_0a1a4f3e8a', 'DoE_0e50e81315', 'DoE_10fe7b512b', 'DoE_130f17b10d', 'DoE_19614e62bc', 'DoE_1b82105c71', 'DoE_1db9cf1267', 'DoE_42e54880a3', 'DoE_4a3da4e6cb', 'DoE_5cb370f680', 'DoE_7802211904', 'DoE_79909b8fed', 'DoE_7a08601d34', 'DoE_7d5ca56ae4', 'DoE_81b200435f', 'DoE_833e96412a', 'DoE_83ce88eb81', 'DoE_87186c75eb', 'DoE_87a7fb8c65', 'DoE_95d484e4c1', 'DoE_9f2e67de20', 'DoE_b1a9c369ca', 'DoE_d6bf98b364', 'DoE_d6e8464712', 'DoE_d8bc1d20b1', 'DoE_e6e4a65353', 'DoE_ef63c233fd', 'DoE_f2a6d81fb9', 'DoE_fb14525cc5', 'DoE_ffb0f643b4']","{'job_uuid': 'provider_5b95854a25', 'job_type': 'provider', 'created': '2025-06-18T09:52:34.441844', 'updated': '2025-06-18T09:52:34.441846', 'retry': {'attempts': 0, 'last_error': None, 'penalty': 0, 'next_retry': '2025-06-18T09:52:34.441854'}, 'input': {'src_file_path': 'https://iiif-images.lib.ncsu.edu/iiif/2/insidewood-{id}/full/full/0/default.jpg', 'src_ds_rel_path': ['74666'], 'dest_rel_path': 'set by provider.storer()', 'stored_locally': [0], 'image_data': None}, 'attrs': {'Level1': {'woodType': 'Hardwood'}, 'Level2': {'family': 'Betulaceae', 'genus': 'Alnus'}, 'Level3': {'genus': 'Alnus'}, 'Level4': {'species': 'AlnusFirma', 'engName': 'unknown', 'deName': 'unknown', 'frName': 'unknown', 'japName': 'unknown'}, 'Level5': {'sourceID': 'AlnusFirma_DS11', 'sourceNo': 'DS11'}, 'Level6': {'specimenID': 'AlnusFirma_DS11_No004', 'microscopicTechnic': 'unknown', 'institution': 'North Carolina State University, USA', 'institutionCode': 'NCSU', 'contributor': 'Elisabeth Wheeler', 'citeKey': 'unknown', 'IFAW_code': 'unknown', 'samplingPoint': 'unknown', 'origin': 'unknown'}, 'Level7': {'sampleID': 'AlnusFirma_DS11_No004_TS_x10.0', 'view': 'TS', 'lens': 10.0, 'totalNumberShots': 9}, 'dataSet_attrs': {'pixelSize_um_per_pixel': nan, 'DPI': 300.0, 'area_x_mm': nan, 'area_y_mm': nan, 'numericalAperature_NA': nan, 'GPS_Alt': nan, 'GPS_Lat': None, 'GPS_Long': None, 'raw_UUID': 'r_13KCAE'}}, 'status': 'todo', 'og_job_uuids': ['DoE_002d2fe6e9', 'DoE_00b7b85d81', 'DoE_0a1a4f3e8a', 'DoE_0e50e81315', 'DoE_10fe7b512b', 'DoE_130f17b10d', 'DoE_19614e62bc', 'DoE_1b82105c71', 'DoE_1db9cf1267', 'DoE_42e54880a3', 'DoE_4a3da4e6cb', 'DoE_5cb370f680', 'DoE_7802211904', 'DoE_79909b8fed', 'DoE_7a08601d34', 'DoE_7d5ca56ae4', 'DoE_81b200435f', 'DoE_833e96412a', 'DoE_83ce88eb81', 'DoE_87186c75eb', 'DoE_87a7fb8c65', 'DoE_95d484e4c1', 'DoE_9f2e67de20', 'DoE_b1a9c369ca', 'DoE_d6bf98b364', 'DoE_d6e8464712', 'DoE_d8bc1d20b1', 'DoE_e6e4a65353', 'DoE_ef63c233fd', 'DoE_f2a6d81fb9', 'DoE_fb14525cc5', 'DoE_ffb0f643b4']}"
provider_29df4512d2,provider,2025-06-18 09:52:34.443312,2025-06-18 09:52:34.443314,"{'attempts': 0, 'last_error': None, 'penalty': 0, 'next_retry': datetime.datetime(2025, 6, 18, 9, 52, 34, 443323)}","{'src_file_path': 'https://iiif-images.lib.ncsu.edu/iiif/2/insidewood-{id}/full/full/0/default.jpg', 'src_ds_rel_path': ['74664', '74667'], 'dest_rel_path': 'set by provider.storer()', 'stored_locally': [0, 0], 'image_data': None}","{'Level1': {'woodType': 'Hardwood'}, 'Level2': {'family': 'Betulaceae', 'genus': 'Alnus'}, 'Level3': {'genus': 'Alnus'}, 'Level4': {'species': 'AlnusFirma', 'engName': 'unknown', 'deName': 'unknown', 'frName': 'unknown', 'japName': 'unknown'}, 'Level5': {'sourceID': 'AlnusFirma_DS11', 'sourceNo': 'DS11'}, 'Level6': {'specimenID': 'AlnusFirma_DS11_No004', 'microscopicTechnic': 'unknown', 'institution': 'North Carolina State University, USA', 'institutionCode': 'NCSU', 'contributor': 'Elisabeth Wheeler', 'citeKey': 'unknown', 'IFAW_code': 'unknown', 'samplingPoint': 'unknown', 'origin': 'unknown'}, 'Level7': {'sampleID': 'AlnusFirma_DS11_No004_TS_x2.0', 'view': 'TS', 'lens': 2.0, 'totalNumberShots': 9}, 'dataSet_attrs': {'pixelSize_um_per_pixel': nan, 'DPI': 300.0, 'area_x_mm': nan, 'area_y_mm': nan, 'numericalAperature_NA': nan, 'GPS_Alt': nan, 'GPS_Lat': None, 'GPS_Long': None, 'raw_UUID': 'r_PgRVgB, r_9GiMGI'}}",todo,"['DoE_002d2fe6e9', 'DoE_00b7b85d81', 'DoE_0a1a4f3e8a', 'DoE_10fe7b512b', 'DoE_130f17b10d', 'DoE_19614e62bc', 'DoE_1db9cf1267', 'DoE_4a3da4e6cb', 'DoE_5cb370f680', 'DoE_7802211904', 'DoE_7a08601d34', 'DoE_833e96412a', 'DoE_9f2e67de20', 'DoE_d6e8464712', 'DoE_ef63c233fd', 'DoE_ffb0f643b4']","{'job_uuid': 'provider_29df4512d2', 'job_type': 'provider', 'created': '2025-06-18T09:52:34.443312', 'updated': '2025-06-18T09:52:34.443314', 'retry': {'attempts': 0, 'last_error': None, 'penalty': 0, 'next_retry': '2025-06-18T09:52:34.443323'}, 'input': {'src_file_path': 'https://iiif-images.lib.ncsu.edu/iiif/2/insidewood-{id}/full/full/0/default.jpg', 'src_ds_rel_path': ['74664', '74667'], 'dest_rel_path': 'set by provider.storer()', 'stored_locally': [0, 0], 'image_data': None}, 'attrs': {'Level1': {'woodType': 'Hardwood'}, 'Level2': {'family': 'Betulaceae', 'genus': 'Alnus'}, 'Level3': {'genus': 'Alnus'}, 'Level4': {'species': 'AlnusFirma', 'engName': 'unknown', 'deName': 'unknown', 'frName': 'unknown', 'japName': 'unknown'}, 'Level5': {'sourceID': 'AlnusFirma_DS11', 'sourceNo': 'DS11'}, 'Level6': {'specimenID': 'AlnusFirma_DS11_No004', 'microscopicTechnic': 'unknown', 'institution': 'North Carolina State University, USA', 'institutionCode': 'NCSU', 'contributor': 'Elisabeth Wheeler', 'citeKey': 'unknown', 'IFAW_code': 'unknown', 'samplingPoint': 'unknown', 'origin': 'unknown'}, 'Level7': {'sampleID': 'AlnusFirma_DS11_No004_TS_x2.0', 'view': 'TS', 'lens': 2.0, 'totalNumberShots': 9}, 'dataSet_attrs': {'pixelSize_um_per_pixel': nan, 'DPI': 300.0, 'area_x_mm': nan, 'area_y_mm': nan, 'numericalAperature_NA': nan, 'GPS_Alt': nan, 'GPS_Lat': None, 'GPS_Long': None, 'raw_UUID': 'r_PgRVgB, r_9GiMGI'}}, 'status': 'todo', 'og_job_uuids': ['DoE_002d2fe6e9', 'DoE_00b7b85d81', 'DoE_0a1a4f3e8a', 'DoE_10fe7b512b', 'DoE_130f17b10d', 'DoE_19614e62bc', 'DoE_1db9cf1267', 'DoE_4a3da4e6cb', 'DoE_5cb370f680', 'DoE_7802211904', 'DoE_7a08601d34', 'DoE_833e96412a', 'DoE_9f2e67de20', 'DoE_d6e8464712', 'DoE_ef63c233fd', 'DoE_ffb0f643b4']}"
provider_cdd2dc0cc4,provider,2025-06-18 09:52:34.444725,2025-06-18 09:52:34.444727,"{'attempts': 0, 'last_error': None, 'penalty': 0, 'next_retry': datetime.datetime(2025, 6, 18, 9, 52, 34, 444734)}","{'src_file_path': 'https://iiif-images.lib.ncsu.edu/iiif/2/insidewood-{id}/full/full/0/default.jpg', 'src_ds_rel_path': ['74665', '74668'], 'dest_rel_path': 'set by provider.storer()', 'stored_locally': [0, 0], 'image_data': None}","{'Level1': {'woodType': 'Hardwood'}, 'Level2': {'family': 'Betulaceae', 'genus': 'Alnus'}, 'Level3': {'genus': 'Alnus'}, 'Level4': {'species': 'AlnusFirma', 'engName': 'unknown', 'deName': 'unknown', 'frName': 'unknown', 'japName': 'unknown'}, 'Level5': {'sourceID': 'AlnusFirma_DS11', 'sourceNo': 'DS11'}, 'Level6': {'specimenID': 'AlnusFirma_DS11_No004', 'microscopicTechnic': 'unknown', 'institution': 'North Carolina State University, USA', 'institutionCode': 'NCSU', 'contributor': 'Elisabeth Wheeler', 'citeKey': 'unknown', 'IFAW_code': 'unknown', 'samplingPoint': 'unknown', 'origin': 'unknown'}, 'Level7': {'sampleID': 'AlnusFirma_DS11_No004_TS_x4.0', 'view': 'TS', 'lens': 4.0, 'totalNumberShots': 9}, 'dataSet_attrs': {'pixelSize_um_per_pixel': nan, 'DPI': 300.0, 'area_x_mm': nan, 'area_y_mm': nan, 'numericalAperature_NA': nan, 'GPS_Alt': nan, 'GPS_Lat': None, 'GPS_Long': None, 'raw_UUID': 'r_YTfz6B, r_CDRjpy'}}",todo,"['DoE_002d2fe6e9', 'DoE_00b7b85d81', 'DoE_0a1a4f3e8a', 'DoE_10fe7b512b', 'DoE_130f17b10d', 'DoE_19614e62bc', 'DoE_1db9cf1267', 'DoE_4a3da4e6cb', 'DoE_5cb370f680', 'DoE_7802211904', 'DoE_7a08601d34', 'DoE_833e96412a', 'DoE_9f2e67de20', 'DoE_d6e8464712', 'DoE_ef63c233fd', 'DoE_ffb0f643b4']","{'job_uuid': 'provider_cdd2dc0cc4', 'job_type': 'provider', 'created': '2025-06-18T09:52:34.444725', 'updated': '2025-06-18T09:52:34.444727', 'retry': {'attempts': 0, 'last_error': None, 'penalty': 0, 'next_retry': '2025-06-18T09:52:34.444734'}, 'input': {'src_file_path': 'https://iiif-images.lib.ncsu.edu/iiif/2/insidewood-{id}/full/full/0/default.jpg', 'src_ds_rel_path': ['74665', '74668'], 'dest_rel_path': 'set by provider.storer()', 'stored_locally': [0, 0], 'image_data': None}, 'attrs': {'Level1': {'woodType': 'Hardwood'}, 'Level2': {'family': 'Betulaceae', 'genus': 'Alnus'}, 'Level3': {'genus': 'Alnus'}, 'Level4': {'species': 'AlnusFirma', 'engName': 'unknown', 'deName': 'unknown', 'frName': 'unknown', 'japName': 'unknown'}, 'Level5': {'sourceID': 'AlnusFirma_DS11', 'sourceNo': 'DS11'}, 'Level6': {'specimenID': 'AlnusFirma_DS11_No004', 'microscopicTechnic': 'unknown', 'institution': 'North Carolina State University, USA', 'institutionCode': 'NCSU', 'contributor': 'Elisabeth Wheeler', 'citeKey': 'unknown', 'IFAW_code': 'unknown', 'samplingPoint': 'unknown', 'origin': 'unknown'}, 'Level7': {'sampleID': 'AlnusFirma_DS11_No004_TS_x4.0', 'view': 'TS', 'lens': 4.0, 'totalNumberShots': 9}, 'dataSet_attrs': {'pixelSize_um_per_pixel': nan, 'DPI': 300.0, 'area_x_mm': nan, 'area_y_mm': nan, 'numericalAperature_NA': nan, 'GPS_Alt': nan, 'GPS_Lat': None, 'GPS_Long': None, 'raw_UUID': 'r_YTfz6B, r_CDRjpy'}}, 'status': 'todo', 'og_job_uuids': ['DoE_002d2fe6e9', 'DoE_00b7b85d81', 'DoE_0a1a4f3e8a', 'DoE_10fe7b512b', 'DoE_130f17b10d', 'DoE_19614e62bc', 'DoE_1db9cf1267', 'DoE_4a3da4e6cb', 'DoE_5cb370f680', 'DoE_7802211904', 'DoE_7a08601d34', 'DoE_833e96412a', 'DoE_9f2e67de20', 'DoE_d6e8464712', 'DoE_ef63c233fd', 'DoE_ffb0f643b4']}"
